impl	run	phase	us
ta-c	0	entry	5545.8
ta-c	0	com_init	7352.4
ta-c	0	enumerator	9228.8
ta-c	0	work_done	32100.9
ta-c	0	exit	32979.0
ta-c	1	entry	7008.1
ta-c	1	com_init	8873.8
ta-c	1	enumerator	11070.4
ta-c	1	work_done	36560.5
ta-c	1	exit	37802.0
ta-c	2	entry	5711.9
ta-c	2	com_init	8133.7
ta-c	2	enumerator	10255.3
ta-c	2	work_done	33396.7
ta-c	2	exit	34389.0
ta-c	3	entry	6081.5
ta-c	3	com_init	7826.4
ta-c	3	enumerator	9874.7
ta-c	3	work_done	34800.8
ta-c	3	exit	35803.7
ta-c	4	entry	5207.6
ta-c	4	com_init	7065.8
ta-c	4	enumerator	9097.8
ta-c	4	work_done	35428.5
ta-c	4	exit	36561.0
ta-c	5	entry	6120.0
ta-c	5	com_init	8199.9
ta-c	5	enumerator	10277.0
ta-c	5	work_done	37932.3
ta-c	5	exit	39075.7
ta-c	6	entry	6822.6
ta-c	6	com_init	8967.1
ta-c	6	enumerator	11289.8
ta-c	6	work_done	38118.7
ta-c	6	exit	39273.7
ta-c	7	entry	5259.8
ta-c	7	com_init	7189.9
ta-c	7	enumerator	9150.3
ta-c	7	work_done	35009.2
ta-c	7	exit	35973.4
ta-c	8	entry	5491.5
ta-c	8	com_init	7312.0
ta-c	8	enumerator	9541.0
ta-c	8	work_done	36915.8
ta-c	8	exit	37972.8
ta-c	9	entry	6166.6
ta-c	9	com_init	7968.1
ta-c	9	enumerator	9969.8
ta-c	9	work_done	33624.7
ta-c	9	exit	34626.3
ta-c	10	entry	5712.8
ta-c	10	com_init	7460.2
ta-c	10	enumerator	9514.3
ta-c	10	work_done	35591.4
ta-c	10	exit	36881.5
ta-c	11	entry	6552.3
ta-c	11	com_init	8539.9
ta-c	11	enumerator	10629.0
ta-c	11	work_done	32983.6
ta-c	11	exit	34037.8
ta-c	12	entry	5489.8
ta-c	12	com_init	7214.6
ta-c	12	enumerator	9090.1
ta-c	12	work_done	33020.4
ta-c	12	exit	34774.0
ta-c	13	entry	6856.4
ta-c	13	com_init	8653.6
ta-c	13	enumerator	10621.9
ta-c	13	work_done	32722.3
ta-c	13	exit	33750.2
ta-c	14	entry	5474.1
ta-c	14	com_init	7242.7
ta-c	14	enumerator	9361.0
ta-c	14	work_done	34354.7
ta-c	14	exit	35182.3
ta-c	15	entry	5784.4
ta-c	15	com_init	8044.8
ta-c	15	enumerator	9994.1
ta-c	15	work_done	32865.5
ta-c	15	exit	33835.2
ta-c	16	entry	6127.3
ta-c	16	com_init	8011.6
ta-c	16	enumerator	10007.1
ta-c	16	work_done	34418.2
ta-c	16	exit	35565.0
ta-c	17	entry	6482.4
ta-c	17	com_init	8480.1
ta-c	17	enumerator	10695.2
ta-c	17	work_done	40314.2
ta-c	17	exit	41389.0
ta-c	18	entry	6019.7
ta-c	18	com_init	7849.3
ta-c	18	enumerator	10042.5
ta-c	18	work_done	36894.2
ta-c	18	exit	37765.9
ta-c	19	entry	6396.8
ta-c	19	com_init	8427.5
ta-c	19	enumerator	10760.4
ta-c	19	work_done	41309.9
ta-c	19	exit	42879.0
ta-c	20	entry	6422.7
ta-c	20	com_init	9022.2
ta-c	20	enumerator	11903.1
ta-c	20	work_done	46271.7
ta-c	20	exit	47399.3
ta-c	21	entry	5976.1
ta-c	21	com_init	7926.2
ta-c	21	enumerator	10348.5
ta-c	21	work_done	39827.5
ta-c	21	exit	40803.3
ta-c	22	entry	5667.5
ta-c	22	com_init	7925.4
ta-c	22	enumerator	10018.4
ta-c	22	work_done	38715.6
ta-c	22	exit	39834.6
ta-c	23	entry	6287.0
ta-c	23	com_init	8444.8
ta-c	23	enumerator	10766.1
ta-c	23	work_done	40863.0
ta-c	23	exit	41943.6
ta-c	24	entry	6200.3
ta-c	24	com_init	8657.3
ta-c	24	enumerator	11345.9
ta-c	24	work_done	45116.3
ta-c	24	exit	46573.2
ta-c	25	entry	5863.1
ta-c	25	com_init	8642.7
ta-c	25	enumerator	11531.8
ta-c	25	work_done	42990.4
ta-c	25	exit	44865.1
ta-c	26	entry	5946.1
ta-c	26	com_init	8080.5
ta-c	26	enumerator	10486.0
ta-c	26	work_done	38124.7
ta-c	26	exit	39563.0
ta-c	27	entry	6068.3
ta-c	27	com_init	8176.0
ta-c	27	enumerator	10236.8
ta-c	27	work_done	35605.6
ta-c	27	exit	36645.2
ta-c	28	entry	5910.9
ta-c	28	com_init	8402.4
ta-c	28	enumerator	10603.2
ta-c	28	work_done	41604.9
ta-c	28	exit	42850.8
ta-c	29	entry	6764.5
ta-c	29	com_init	8913.1
ta-c	29	enumerator	11385.2
ta-c	29	work_done	40329.9
ta-c	29	exit	41601.6
ta-c-gui	0	entry	6120.7
ta-c-gui	0	com_init	8092.3
ta-c-gui	0	enumerator	10214.6
ta-c-gui	0	work_done	35858.9
ta-c-gui	0	exit	36865.1
ta-c-gui	1	entry	5913.7
ta-c-gui	1	com_init	7848.1
ta-c-gui	1	enumerator	10010.3
ta-c-gui	1	work_done	34992.5
ta-c-gui	1	exit	35956.1
ta-c-gui	2	entry	5942.9
ta-c-gui	2	com_init	8186.0
ta-c-gui	2	enumerator	10763.5
ta-c-gui	2	work_done	34527.8
ta-c-gui	2	exit	35512.0
ta-c-gui	3	entry	6438.4
ta-c-gui	3	com_init	8451.0
ta-c-gui	3	enumerator	10697.5
ta-c-gui	3	work_done	33870.9
ta-c-gui	3	exit	34780.0
ta-c-gui	4	entry	6508.5
ta-c-gui	4	com_init	8673.2
ta-c-gui	4	enumerator	10807.4
ta-c-gui	4	work_done	33854.9
ta-c-gui	4	exit	34763.9
ta-c-gui	5	entry	5369.9
ta-c-gui	5	com_init	7616.8
ta-c-gui	5	enumerator	9939.5
ta-c-gui	5	work_done	32166.1
ta-c-gui	5	exit	33422.2
ta-c-gui	6	entry	5843.2
ta-c-gui	6	com_init	9117.5
ta-c-gui	6	enumerator	11504.2
ta-c-gui	6	work_done	33413.8
ta-c-gui	6	exit	34316.6
ta-c-gui	7	entry	5726.6
ta-c-gui	7	com_init	7926.3
ta-c-gui	7	enumerator	10015.8
ta-c-gui	7	work_done	34534.6
ta-c-gui	7	exit	35638.1
ta-c-gui	8	entry	5711.8
ta-c-gui	8	com_init	7670.6
ta-c-gui	8	enumerator	9701.3
ta-c-gui	8	work_done	37588.5
ta-c-gui	8	exit	39199.2
ta-c-gui	9	entry	7580.9
ta-c-gui	9	com_init	10628.2
ta-c-gui	9	enumerator	12971.9
ta-c-gui	9	work_done	40197.3
ta-c-gui	9	exit	41221.4
ta-c-gui	10	entry	6654.5
ta-c-gui	10	com_init	9089.4
ta-c-gui	10	enumerator	11271.7
ta-c-gui	10	work_done	37318.3
ta-c-gui	10	exit	38460.7
ta-c-gui	11	entry	6064.5
ta-c-gui	11	com_init	7967.8
ta-c-gui	11	enumerator	10246.0
ta-c-gui	11	work_done	35247.0
ta-c-gui	11	exit	36369.0
ta-c-gui	12	entry	6406.2
ta-c-gui	12	com_init	8518.8
ta-c-gui	12	enumerator	10814.3
ta-c-gui	12	work_done	35670.0
ta-c-gui	12	exit	36898.3
ta-c-gui	13	entry	6180.2
ta-c-gui	13	com_init	8354.3
ta-c-gui	13	enumerator	10364.4
ta-c-gui	13	work_done	35893.7
ta-c-gui	13	exit	36924.4
ta-c-gui	14	entry	5387.3
ta-c-gui	14	com_init	7320.8
ta-c-gui	14	enumerator	9912.6
ta-c-gui	14	work_done	31032.5
ta-c-gui	14	exit	32234.5
ta-c-gui	15	entry	5435.0
ta-c-gui	15	com_init	8081.0
ta-c-gui	15	enumerator	10527.7
ta-c-gui	15	work_done	35463.5
ta-c-gui	15	exit	36481.2
ta-c-gui	16	entry	6539.4
ta-c-gui	16	com_init	8700.0
ta-c-gui	16	enumerator	11054.2
ta-c-gui	16	work_done	37592.6
ta-c-gui	16	exit	39003.1
ta-c-gui	17	entry	6224.7
ta-c-gui	17	com_init	8236.5
ta-c-gui	17	enumerator	10266.6
ta-c-gui	17	work_done	32627.9
ta-c-gui	17	exit	33515.6
ta-c-gui	18	entry	5907.0
ta-c-gui	18	com_init	7753.4
ta-c-gui	18	enumerator	9997.5
ta-c-gui	18	work_done	33424.2
ta-c-gui	18	exit	34353.5
ta-c-gui	19	entry	5947.4
ta-c-gui	19	com_init	7702.0
ta-c-gui	19	enumerator	9673.8
ta-c-gui	19	work_done	32653.8
ta-c-gui	19	exit	33686.8
ta-c-gui	20	entry	5285.0
ta-c-gui	20	com_init	7199.4
ta-c-gui	20	enumerator	9527.2
ta-c-gui	20	work_done	31977.4
ta-c-gui	20	exit	32935.3
ta-c-gui	21	entry	6005.5
ta-c-gui	21	com_init	8018.0
ta-c-gui	21	enumerator	10444.5
ta-c-gui	21	work_done	33908.9
ta-c-gui	21	exit	34877.3
ta-c-gui	22	entry	5655.5
ta-c-gui	22	com_init	7582.1
ta-c-gui	22	enumerator	9610.1
ta-c-gui	22	work_done	33608.3
ta-c-gui	22	exit	34596.5
ta-c-gui	23	entry	5473.5
ta-c-gui	23	com_init	7280.7
ta-c-gui	23	enumerator	9550.6
ta-c-gui	23	work_done	35568.2
ta-c-gui	23	exit	36647.3
ta-c-gui	24	entry	6469.0
ta-c-gui	24	com_init	8632.9
ta-c-gui	24	enumerator	10787.8
ta-c-gui	24	work_done	37000.8
ta-c-gui	24	exit	38106.1
ta-c-gui	25	entry	6209.6
ta-c-gui	25	com_init	8077.3
ta-c-gui	25	enumerator	10491.0
ta-c-gui	25	work_done	40616.4
ta-c-gui	25	exit	41593.7
ta-c-gui	26	entry	6588.8
ta-c-gui	26	com_init	9354.8
ta-c-gui	26	enumerator	12056.5
ta-c-gui	26	work_done	41764.2
ta-c-gui	26	exit	42780.6
ta-c-gui	27	entry	6555.6
ta-c-gui	27	com_init	9417.0
ta-c-gui	27	enumerator	12578.5
ta-c-gui	27	work_done	41870.0
ta-c-gui	27	exit	43151.7
ta-c-gui	28	entry	6816.8
ta-c-gui	28	com_init	8861.4
ta-c-gui	28	enumerator	11024.8
ta-c-gui	28	work_done	36888.3
ta-c-gui	28	exit	38028.6
ta-c-gui	29	entry	6170.7
ta-c-gui	29	com_init	8621.2
ta-c-gui	29	enumerator	10922.7
ta-c-gui	29	work_done	36772.3
ta-c-gui	29	exit	38018.0
ta-c-md	0	entry	6169.8
ta-c-md	0	com_init	8028.5
ta-c-md	0	enumerator	10414.5
ta-c-md	0	work_done	36069.4
ta-c-md	0	exit	37069.0
ta-c-md	1	entry	6331.2
ta-c-md	1	com_init	8328.2
ta-c-md	1	enumerator	10345.6
ta-c-md	1	work_done	35673.1
ta-c-md	1	exit	36957.2
ta-c-md	2	entry	6545.6
ta-c-md	2	com_init	8581.4
ta-c-md	2	enumerator	11146.4
ta-c-md	2	work_done	44536.2
ta-c-md	2	exit	45953.9
ta-c-md	3	entry	6481.7
ta-c-md	3	com_init	8808.5
ta-c-md	3	enumerator	11388.7
ta-c-md	3	work_done	37251.8
ta-c-md	3	exit	38392.5
ta-c-md	4	entry	6983.3
ta-c-md	4	com_init	9231.0
ta-c-md	4	enumerator	11421.9
ta-c-md	4	work_done	38607.8
ta-c-md	4	exit	39886.4
ta-c-md	5	entry	6148.9
ta-c-md	5	com_init	8289.6
ta-c-md	5	enumerator	10650.1
ta-c-md	5	work_done	35252.0
ta-c-md	5	exit	36282.9
ta-c-md	6	entry	6541.3
ta-c-md	6	com_init	8739.7
ta-c-md	6	enumerator	11147.5
ta-c-md	6	work_done	37654.7
ta-c-md	6	exit	38693.6
ta-c-md	7	entry	6379.8
ta-c-md	7	com_init	8610.1
ta-c-md	7	enumerator	10979.4
ta-c-md	7	work_done	37070.7
ta-c-md	7	exit	38244.6
ta-c-md	8	entry	6426.9
ta-c-md	8	com_init	8214.0
ta-c-md	8	enumerator	10272.4
ta-c-md	8	work_done	31995.4
ta-c-md	8	exit	33096.9
ta-c-md	9	entry	5848.3
ta-c-md	9	com_init	7922.3
ta-c-md	9	enumerator	9969.7
ta-c-md	9	work_done	33379.9
ta-c-md	9	exit	34517.4
ta-c-md	10	entry	6012.9
ta-c-md	10	com_init	8089.0
ta-c-md	10	enumerator	10420.2
ta-c-md	10	work_done	32518.4
ta-c-md	10	exit	33671.0
ta-c-md	11	entry	5515.7
ta-c-md	11	com_init	7816.0
ta-c-md	11	enumerator	9913.0
ta-c-md	11	work_done	32700.7
ta-c-md	11	exit	33624.1
ta-c-md	12	entry	6329.4
ta-c-md	12	com_init	8422.8
ta-c-md	12	enumerator	10596.0
ta-c-md	12	work_done	33568.7
ta-c-md	12	exit	34524.0
ta-c-md	13	entry	5847.9
ta-c-md	13	com_init	7897.1
ta-c-md	13	enumerator	9974.1
ta-c-md	13	work_done	35310.7
ta-c-md	13	exit	36310.9
ta-c-md	14	entry	5684.0
ta-c-md	14	com_init	8019.0
ta-c-md	14	enumerator	10293.8
ta-c-md	14	work_done	35390.8
ta-c-md	14	exit	36507.6
ta-c-md	15	entry	6308.8
ta-c-md	15	com_init	8519.2
ta-c-md	15	enumerator	10841.2
ta-c-md	15	work_done	37184.4
ta-c-md	15	exit	38747.9
ta-c-md	16	entry	6175.4
ta-c-md	16	com_init	8589.1
ta-c-md	16	enumerator	11182.5
ta-c-md	16	work_done	36288.4
ta-c-md	16	exit	37395.9
ta-c-md	17	entry	5760.9
ta-c-md	17	com_init	7677.8
ta-c-md	17	enumerator	9634.6
ta-c-md	17	work_done	30531.9
ta-c-md	17	exit	31434.8
ta-c-md	18	entry	5518.0
ta-c-md	18	com_init	7698.8
ta-c-md	18	enumerator	9682.5
ta-c-md	18	work_done	33456.1
ta-c-md	18	exit	34423.4
ta-c-md	19	entry	5649.2
ta-c-md	19	com_init	7457.2
ta-c-md	19	enumerator	9490.8
ta-c-md	19	work_done	32045.4
ta-c-md	19	exit	33121.2
ta-c-md	20	entry	5650.9
ta-c-md	20	com_init	7448.4
ta-c-md	20	enumerator	9543.5
ta-c-md	20	work_done	31340.6
ta-c-md	20	exit	32387.0
ta-c-md	21	entry	5380.3
ta-c-md	21	com_init	7817.3
ta-c-md	21	enumerator	9956.7
ta-c-md	21	work_done	33354.0
ta-c-md	21	exit	34439.1
ta-c-md	22	entry	6013.5
ta-c-md	22	com_init	7903.8
ta-c-md	22	enumerator	9889.8
ta-c-md	22	work_done	32768.2
ta-c-md	22	exit	33736.0
ta-c-md	23	entry	5467.3
ta-c-md	23	com_init	7220.1
ta-c-md	23	enumerator	9217.2
ta-c-md	23	work_done	34529.7
ta-c-md	23	exit	35612.4
ta-c-md	24	entry	5369.2
ta-c-md	24	com_init	7164.2
ta-c-md	24	enumerator	9403.8
ta-c-md	24	work_done	30011.2
ta-c-md	24	exit	30982.3
ta-c-md	25	entry	6095.6
ta-c-md	25	com_init	8295.5
ta-c-md	25	enumerator	10387.9
ta-c-md	25	work_done	35314.7
ta-c-md	25	exit	36201.4
ta-c-md	26	entry	5579.2
ta-c-md	26	com_init	7589.4
ta-c-md	26	enumerator	9701.8
ta-c-md	26	work_done	34300.8
ta-c-md	26	exit	35604.4
ta-c-md	27	entry	5638.4
ta-c-md	27	com_init	7435.1
ta-c-md	27	enumerator	9409.6
ta-c-md	27	work_done	36883.1
ta-c-md	27	exit	37911.0
ta-c-md	28	entry	6768.8
ta-c-md	28	com_init	8678.2
ta-c-md	28	enumerator	10889.4
ta-c-md	28	work_done	36769.4
ta-c-md	28	exit	37903.9
ta-c-md	29	entry	5982.2
ta-c-md	29	com_init	7936.9
ta-c-md	29	enumerator	9999.3
ta-c-md	29	work_done	35656.5
ta-c-md	29	exit	36818.2
ta-c-delayload	0	entry	3451.7
ta-c-delayload	0	com_init	7669.0
ta-c-delayload	0	enumerator	9677.5
ta-c-delayload	0	work_done	31135.1
ta-c-delayload	0	exit	32286.5
ta-c-delayload	1	entry	2906.0
ta-c-delayload	1	com_init	7120.2
ta-c-delayload	1	enumerator	9479.2
ta-c-delayload	1	work_done	35432.0
ta-c-delayload	1	exit	36415.0
ta-c-delayload	2	entry	2985.8
ta-c-delayload	2	com_init	7543.6
ta-c-delayload	2	enumerator	10050.4
ta-c-delayload	2	work_done	33792.3
ta-c-delayload	2	exit	34755.2
ta-c-delayload	3	entry	3062.9
ta-c-delayload	3	com_init	8426.4
ta-c-delayload	3	enumerator	10484.0
ta-c-delayload	3	work_done	32074.3
ta-c-delayload	3	exit	33064.9
ta-c-delayload	4	entry	3002.8
ta-c-delayload	4	com_init	7414.3
ta-c-delayload	4	enumerator	9453.2
ta-c-delayload	4	work_done	31997.0
ta-c-delayload	4	exit	33262.9
ta-c-delayload	5	entry	2914.2
ta-c-delayload	5	com_init	7304.1
ta-c-delayload	5	enumerator	9364.5
ta-c-delayload	5	work_done	31219.4
ta-c-delayload	5	exit	32349.8
ta-c-delayload	6	entry	3163.4
ta-c-delayload	6	com_init	7527.2
ta-c-delayload	6	enumerator	9722.9
ta-c-delayload	6	work_done	32080.7
ta-c-delayload	6	exit	33214.5
ta-c-delayload	7	entry	3077.3
ta-c-delayload	7	com_init	7925.3
ta-c-delayload	7	enumerator	10017.1
ta-c-delayload	7	work_done	31227.9
ta-c-delayload	7	exit	32185.8
ta-c-delayload	8	entry	3100.0
ta-c-delayload	8	com_init	7364.5
ta-c-delayload	8	enumerator	9372.3
ta-c-delayload	8	work_done	34608.0
ta-c-delayload	8	exit	35536.7
ta-c-delayload	9	entry	3387.5
ta-c-delayload	9	com_init	7817.3
ta-c-delayload	9	enumerator	10238.6
ta-c-delayload	9	work_done	37199.3
ta-c-delayload	9	exit	38153.1
ta-c-delayload	10	entry	3276.8
ta-c-delayload	10	com_init	7599.4
ta-c-delayload	10	enumerator	9819.6
ta-c-delayload	10	work_done	32856.6
ta-c-delayload	10	exit	34336.0
ta-c-delayload	11	entry	2954.8
ta-c-delayload	11	com_init	7675.8
ta-c-delayload	11	enumerator	9679.4
ta-c-delayload	11	work_done	33859.0
ta-c-delayload	11	exit	34981.0
ta-c-delayload	12	entry	3541.3
ta-c-delayload	12	com_init	8289.8
ta-c-delayload	12	enumerator	10269.6
ta-c-delayload	12	work_done	33472.9
ta-c-delayload	12	exit	34408.6
ta-c-delayload	13	entry	3103.5
ta-c-delayload	13	com_init	7586.3
ta-c-delayload	13	enumerator	9513.8
ta-c-delayload	13	work_done	31894.9
ta-c-delayload	13	exit	32902.8
ta-c-delayload	14	entry	2866.3
ta-c-delayload	14	com_init	7488.3
ta-c-delayload	14	enumerator	9588.9
ta-c-delayload	14	work_done	32208.7
ta-c-delayload	14	exit	33158.0
ta-c-delayload	15	entry	3078.8
ta-c-delayload	15	com_init	7645.7
ta-c-delayload	15	enumerator	9591.5
ta-c-delayload	15	work_done	32214.6
ta-c-delayload	15	exit	33154.4
ta-c-delayload	16	entry	3224.1
ta-c-delayload	16	com_init	7497.5
ta-c-delayload	16	enumerator	9560.5
ta-c-delayload	16	work_done	32239.2
ta-c-delayload	16	exit	33244.8
ta-c-delayload	17	entry	2887.0
ta-c-delayload	17	com_init	7499.4
ta-c-delayload	17	enumerator	9496.0
ta-c-delayload	17	work_done	31503.8
ta-c-delayload	17	exit	32706.6
ta-c-delayload	18	entry	3195.8
ta-c-delayload	18	com_init	7661.3
ta-c-delayload	18	enumerator	10158.4
ta-c-delayload	18	work_done	32267.9
ta-c-delayload	18	exit	33244.8
ta-c-delayload	19	entry	3103.8
ta-c-delayload	19	com_init	7421.4
ta-c-delayload	19	enumerator	9704.4
ta-c-delayload	19	work_done	33428.2
ta-c-delayload	19	exit	34408.0
ta-c-delayload	20	entry	3298.3
ta-c-delayload	20	com_init	7996.4
ta-c-delayload	20	enumerator	9993.7
ta-c-delayload	20	work_done	32585.9
ta-c-delayload	20	exit	33794.5
ta-c-delayload	21	entry	3095.6
ta-c-delayload	21	com_init	7418.1
ta-c-delayload	21	enumerator	9376.7
ta-c-delayload	21	work_done	33858.1
ta-c-delayload	21	exit	34893.9
ta-c-delayload	22	entry	3138.2
ta-c-delayload	22	com_init	7852.9
ta-c-delayload	22	enumerator	9932.4
ta-c-delayload	22	work_done	42741.4
ta-c-delayload	22	exit	43907.4
ta-c-delayload	23	entry	3319.5
ta-c-delayload	23	com_init	7970.2
ta-c-delayload	23	enumerator	10192.6
ta-c-delayload	23	work_done	37116.2
ta-c-delayload	23	exit	38239.4
ta-c-delayload	24	entry	3141.0
ta-c-delayload	24	com_init	8273.1
ta-c-delayload	24	enumerator	10741.3
ta-c-delayload	24	work_done	34656.3
ta-c-delayload	24	exit	35602.1
ta-c-delayload	25	entry	3424.0
ta-c-delayload	25	com_init	7872.8
ta-c-delayload	25	enumerator	9967.0
ta-c-delayload	25	work_done	37270.3
ta-c-delayload	25	exit	38251.3
ta-c-delayload	26	entry	3275.3
ta-c-delayload	26	com_init	8516.0
ta-c-delayload	26	enumerator	10908.6
ta-c-delayload	26	work_done	39361.2
ta-c-delayload	26	exit	40528.0
ta-c-delayload	27	entry	3334.0
ta-c-delayload	27	com_init	8134.2
ta-c-delayload	27	enumerator	10241.3
ta-c-delayload	27	work_done	38121.0
ta-c-delayload	27	exit	39176.6
ta-c-delayload	28	entry	3603.0
ta-c-delayload	28	com_init	7950.2
ta-c-delayload	28	enumerator	10041.8
ta-c-delayload	28	work_done	35702.9
ta-c-delayload	28	exit	37047.4
ta-c-delayload	29	entry	3077.1
ta-c-delayload	29	com_init	7346.0
ta-c-delayload	29	enumerator	9350.0
ta-c-delayload	29	work_done	35378.4
ta-c-delayload	29	exit	36586.1
ta-c-nocrt	0	entry	5336.0
ta-c-nocrt	0	com_init	7189.0
ta-c-nocrt	0	enumerator	9375.8
ta-c-nocrt	0	work_done	32154.9
ta-c-nocrt	0	exit	33076.5
ta-c-nocrt	1	entry	5491.9
ta-c-nocrt	1	com_init	7290.1
ta-c-nocrt	1	enumerator	9366.7
ta-c-nocrt	1	work_done	33845.2
ta-c-nocrt	1	exit	35016.1
ta-c-nocrt	2	entry	5782.0
ta-c-nocrt	2	com_init	7560.2
ta-c-nocrt	2	enumerator	9684.2
ta-c-nocrt	2	work_done	34557.5
ta-c-nocrt	2	exit	35565.2
ta-c-nocrt	3	entry	5476.1
ta-c-nocrt	3	com_init	7510.2
ta-c-nocrt	3	enumerator	9512.7
ta-c-nocrt	3	work_done	34748.6
ta-c-nocrt	3	exit	35889.5
ta-c-nocrt	4	entry	5937.1
ta-c-nocrt	4	com_init	7899.1
ta-c-nocrt	4	enumerator	10121.9
ta-c-nocrt	4	work_done	34286.2
ta-c-nocrt	4	exit	35283.8
ta-c-nocrt	5	entry	6367.4
ta-c-nocrt	5	com_init	8110.1
ta-c-nocrt	5	enumerator	10185.0
ta-c-nocrt	5	work_done	35699.8
ta-c-nocrt	5	exit	36742.4
ta-c-nocrt	6	entry	5223.5
ta-c-nocrt	6	com_init	7131.5
ta-c-nocrt	6	enumerator	9266.1
ta-c-nocrt	6	work_done	31414.3
ta-c-nocrt	6	exit	32468.9
ta-c-nocrt	7	entry	5403.6
ta-c-nocrt	7	com_init	7455.0
ta-c-nocrt	7	enumerator	9597.3
ta-c-nocrt	7	work_done	30945.8
ta-c-nocrt	7	exit	31920.4
ta-c-nocrt	8	entry	5334.2
ta-c-nocrt	8	com_init	7383.5
ta-c-nocrt	8	enumerator	9397.4
ta-c-nocrt	8	work_done	32229.5
ta-c-nocrt	8	exit	33194.5
ta-c-nocrt	9	entry	5854.5
ta-c-nocrt	9	com_init	7736.9
ta-c-nocrt	9	enumerator	9680.1
ta-c-nocrt	9	work_done	30438.0
ta-c-nocrt	9	exit	31415.4
ta-c-nocrt	10	entry	5933.0
ta-c-nocrt	10	com_init	7680.8
ta-c-nocrt	10	enumerator	9768.5
ta-c-nocrt	10	work_done	34758.6
ta-c-nocrt	10	exit	35784.1
ta-c-nocrt	11	entry	5700.3
ta-c-nocrt	11	com_init	7634.8
ta-c-nocrt	11	enumerator	9811.9
ta-c-nocrt	11	work_done	34196.1
ta-c-nocrt	11	exit	35231.1
ta-c-nocrt	12	entry	5255.8
ta-c-nocrt	12	com_init	7263.8
ta-c-nocrt	12	enumerator	9396.5
ta-c-nocrt	12	work_done	29786.1
ta-c-nocrt	12	exit	30830.1
ta-c-nocrt	13	entry	5578.5
ta-c-nocrt	13	com_init	7505.6
ta-c-nocrt	13	enumerator	9531.4
ta-c-nocrt	13	work_done	34323.4
ta-c-nocrt	13	exit	36498.0
ta-c-nocrt	14	entry	7352.9
ta-c-nocrt	14	com_init	10573.0
ta-c-nocrt	14	enumerator	13796.8
ta-c-nocrt	14	work_done	47267.9
ta-c-nocrt	14	exit	48358.0
ta-c-nocrt	15	entry	5726.8
ta-c-nocrt	15	com_init	7856.5
ta-c-nocrt	15	enumerator	10178.2
ta-c-nocrt	15	work_done	37711.1
ta-c-nocrt	15	exit	38823.3
ta-c-nocrt	16	entry	6071.3
ta-c-nocrt	16	com_init	8050.0
ta-c-nocrt	16	enumerator	10674.7
ta-c-nocrt	16	work_done	34734.5
ta-c-nocrt	16	exit	35752.1
ta-c-nocrt	17	entry	6038.3
ta-c-nocrt	17	com_init	7850.4
ta-c-nocrt	17	enumerator	9904.4
ta-c-nocrt	17	work_done	36403.3
ta-c-nocrt	17	exit	37482.6
ta-c-nocrt	18	entry	5259.0
ta-c-nocrt	18	com_init	7432.3
ta-c-nocrt	18	enumerator	9573.8
ta-c-nocrt	18	work_done	34349.2
ta-c-nocrt	18	exit	35340.5
ta-c-nocrt	19	entry	5664.9
ta-c-nocrt	19	com_init	7528.2
ta-c-nocrt	19	enumerator	9562.6
ta-c-nocrt	19	work_done	29290.2
ta-c-nocrt	19	exit	30214.9
ta-c-nocrt	20	entry	5879.7
ta-c-nocrt	20	com_init	7862.0
ta-c-nocrt	20	enumerator	9904.2
ta-c-nocrt	20	work_done	35418.1
ta-c-nocrt	20	exit	36404.0
ta-c-nocrt	21	entry	5719.3
ta-c-nocrt	21	com_init	7667.2
ta-c-nocrt	21	enumerator	9809.0
ta-c-nocrt	21	work_done	34485.8
ta-c-nocrt	21	exit	35430.2
ta-c-nocrt	22	entry	5527.7
ta-c-nocrt	22	com_init	7549.0
ta-c-nocrt	22	enumerator	9636.3
ta-c-nocrt	22	work_done	35852.3
ta-c-nocrt	22	exit	36868.4
ta-c-nocrt	23	entry	6110.4
ta-c-nocrt	23	com_init	8058.3
ta-c-nocrt	23	enumerator	10280.7
ta-c-nocrt	23	work_done	35723.1
ta-c-nocrt	23	exit	36704.0
ta-c-nocrt	24	entry	5833.2
ta-c-nocrt	24	com_init	8715.1
ta-c-nocrt	24	enumerator	10911.0
ta-c-nocrt	24	work_done	36689.6
ta-c-nocrt	24	exit	37708.2
ta-c-nocrt	25	entry	5722.5
ta-c-nocrt	25	com_init	7562.9
ta-c-nocrt	25	enumerator	9621.1
ta-c-nocrt	25	work_done	38342.9
ta-c-nocrt	25	exit	39375.7
ta-c-nocrt	26	entry	6484.6
ta-c-nocrt	26	com_init	8597.7
ta-c-nocrt	26	enumerator	11066.7
ta-c-nocrt	26	work_done	32004.4
ta-c-nocrt	26	exit	32964.5
ta-c-nocrt	27	entry	5552.8
ta-c-nocrt	27	com_init	7347.7
ta-c-nocrt	27	enumerator	9406.9
ta-c-nocrt	27	work_done	32926.6
ta-c-nocrt	27	exit	33890.2
ta-c-nocrt	28	entry	5732.6
ta-c-nocrt	28	com_init	7703.6
ta-c-nocrt	28	enumerator	9762.5
ta-c-nocrt	28	work_done	35614.0
ta-c-nocrt	28	exit	36808.0
ta-c-nocrt	29	entry	5582.9
ta-c-nocrt	29	com_init	7398.5
ta-c-nocrt	29	enumerator	9593.3
ta-c-nocrt	29	work_done	30774.8
ta-c-nocrt	29	exit	31751.9
ta-rs	0	entry	5688.8
ta-rs	0	com_init	7674.6
ta-rs	0	enumerator	10141.1
ta-rs	0	work_done	35055.1
ta-rs	0	exit	36035.9
ta-rs	1	entry	6003.4
ta-rs	1	com_init	7759.9
ta-rs	1	enumerator	9895.2
ta-rs	1	work_done	34761.3
ta-rs	1	exit	35734.1
ta-rs	2	entry	5331.5
ta-rs	2	com_init	7308.4
ta-rs	2	enumerator	9584.9
ta-rs	2	work_done	36140.1
ta-rs	2	exit	37277.6
ta-rs	3	entry	5658.6
ta-rs	3	com_init	7673.0
ta-rs	3	enumerator	9684.3
ta-rs	3	work_done	31139.3
ta-rs	3	exit	32011.4
ta-rs	4	entry	5895.0
ta-rs	4	com_init	7707.3
ta-rs	4	enumerator	9860.8
ta-rs	4	work_done	34577.8
ta-rs	4	exit	35685.0
ta-rs	5	entry	5543.0
ta-rs	5	com_init	7269.0
ta-rs	5	enumerator	9544.5
ta-rs	5	work_done	34044.1
ta-rs	5	exit	35031.4
ta-rs	6	entry	5747.1
ta-rs	6	com_init	7712.5
ta-rs	6	enumerator	9722.2
ta-rs	6	work_done	33344.4
ta-rs	6	exit	34326.3
ta-rs	7	entry	6095.9
ta-rs	7	com_init	8116.9
ta-rs	7	enumerator	10252.1
ta-rs	7	work_done	32348.9
ta-rs	7	exit	33271.8
ta-rs	8	entry	5604.0
ta-rs	8	com_init	7548.1
ta-rs	8	enumerator	9569.6
ta-rs	8	work_done	34942.1
ta-rs	8	exit	35923.8
ta-rs	9	entry	5729.7
ta-rs	9	com_init	7665.3
ta-rs	9	enumerator	9778.4
ta-rs	9	work_done	33904.6
ta-rs	9	exit	34954.4
ta-rs	10	entry	6634.4
ta-rs	10	com_init	8537.4
ta-rs	10	enumerator	10747.5
ta-rs	10	work_done	37379.7
ta-rs	10	exit	38329.7
ta-rs	11	entry	5685.5
ta-rs	11	com_init	7763.6
ta-rs	11	enumerator	10318.5
ta-rs	11	work_done	36105.1
ta-rs	11	exit	38060.6
ta-rs	12	entry	5881.6
ta-rs	12	com_init	7715.1
ta-rs	12	enumerator	9753.1
ta-rs	12	work_done	30461.1
ta-rs	12	exit	31416.3
ta-rs	13	entry	5653.7
ta-rs	13	com_init	7378.9
ta-rs	13	enumerator	9474.1
ta-rs	13	work_done	29951.4
ta-rs	13	exit	31047.3
ta-rs	14	entry	5560.2
ta-rs	14	com_init	7737.4
ta-rs	14	enumerator	9895.4
ta-rs	14	work_done	31168.9
ta-rs	14	exit	32384.4
ta-rs	15	entry	5669.5
ta-rs	15	com_init	7548.3
ta-rs	15	enumerator	9568.8
ta-rs	15	work_done	33386.9
ta-rs	15	exit	34355.2
ta-rs	16	entry	5625.0
ta-rs	16	com_init	7484.5
ta-rs	16	enumerator	9908.3
ta-rs	16	work_done	36284.1
ta-rs	16	exit	37323.5
ta-rs	17	entry	5822.4
ta-rs	17	com_init	7792.8
ta-rs	17	enumerator	9901.5
ta-rs	17	work_done	34030.7
ta-rs	17	exit	35264.1
ta-rs	18	entry	5484.3
ta-rs	18	com_init	7567.8
ta-rs	18	enumerator	9735.7
ta-rs	18	work_done	34686.3
ta-rs	18	exit	35600.6
ta-rs	19	entry	6706.5
ta-rs	19	com_init	8948.2
ta-rs	19	enumerator	11230.8
ta-rs	19	work_done	37875.1
ta-rs	19	exit	39212.3
ta-rs	20	entry	5695.1
ta-rs	20	com_init	7465.1
ta-rs	20	enumerator	9427.5
ta-rs	20	work_done	30168.8
ta-rs	20	exit	31115.7
ta-rs	21	entry	5646.7
ta-rs	21	com_init	7482.8
ta-rs	21	enumerator	9739.3
ta-rs	21	work_done	35067.8
ta-rs	21	exit	36014.4
ta-rs	22	entry	5762.9
ta-rs	22	com_init	7601.9
ta-rs	22	enumerator	9711.9
ta-rs	22	work_done	34482.0
ta-rs	22	exit	35407.3
ta-rs	23	entry	5742.3
ta-rs	23	com_init	7633.5
ta-rs	23	enumerator	9693.3
ta-rs	23	work_done	31049.8
ta-rs	23	exit	32061.1
ta-rs	24	entry	5425.2
ta-rs	24	com_init	7262.5
ta-rs	24	enumerator	9189.6
ta-rs	24	work_done	31310.4
ta-rs	24	exit	32385.4
ta-rs	25	entry	5682.9
ta-rs	25	com_init	7611.0
ta-rs	25	enumerator	9910.5
ta-rs	25	work_done	36028.2
ta-rs	25	exit	37693.9
ta-rs	26	entry	6002.3
ta-rs	26	com_init	8014.9
ta-rs	26	enumerator	10045.9
ta-rs	26	work_done	31044.9
ta-rs	26	exit	31977.1
ta-rs	27	entry	5950.6
ta-rs	27	com_init	7811.0
ta-rs	27	enumerator	9778.0
ta-rs	27	work_done	32267.6
ta-rs	27	exit	33353.8
ta-rs	28	entry	5516.5
ta-rs	28	com_init	7513.5
ta-rs	28	enumerator	9658.4
ta-rs	28	work_done	37092.5
ta-rs	28	exit	38097.8
ta-rs	29	entry	5889.1
ta-rs	29	com_init	7944.2
ta-rs	29	enumerator	10025.0
ta-rs	29	work_done	32130.5
ta-rs	29	exit	32977.7
ta-cs	0	entry	8769.0
ta-cs	0	com_init	8772.1
ta-cs	0	enumerator	10879.8
ta-cs	0	work_done	35100.2
ta-cs	0	exit	35104.2
ta-cs	1	entry	8448.3
ta-cs	1	com_init	8451.7
ta-cs	1	enumerator	10687.8
ta-cs	1	work_done	37498.6
ta-cs	1	exit	37502.4
ta-cs	2	entry	8253.1
ta-cs	2	com_init	8256.0
ta-cs	2	enumerator	10369.3
ta-cs	2	work_done	36905.2
ta-cs	2	exit	36909.3
ta-cs	3	entry	8451.7
ta-cs	3	com_init	8454.5
ta-cs	3	enumerator	10494.7
ta-cs	3	work_done	31939.7
ta-cs	3	exit	31943.8
ta-cs	4	entry	8417.7
ta-cs	4	com_init	8421.1
ta-cs	4	enumerator	10504.7
ta-cs	4	work_done	33795.4
ta-cs	4	exit	33799.6
ta-cs	5	entry	8311.3
ta-cs	5	com_init	8314.4
ta-cs	5	enumerator	10342.0
ta-cs	5	work_done	33480.0
ta-cs	5	exit	33483.6
ta-cs	6	entry	8253.9
ta-cs	6	com_init	8256.9
ta-cs	6	enumerator	10501.8
ta-cs	6	work_done	33373.0
ta-cs	6	exit	33376.4
ta-cs	7	entry	8442.1
ta-cs	7	com_init	8445.5
ta-cs	7	enumerator	10648.4
ta-cs	7	work_done	32378.6
ta-cs	7	exit	32382.3
ta-cs	8	entry	8316.8
ta-cs	8	com_init	8319.7
ta-cs	8	enumerator	10296.7
ta-cs	8	work_done	32576.5
ta-cs	8	exit	32580.2
ta-cs	9	entry	8879.3
ta-cs	9	com_init	8882.4
ta-cs	9	enumerator	11110.3
ta-cs	9	work_done	33786.4
ta-cs	9	exit	33790.3
ta-cs	10	entry	8665.2
ta-cs	10	com_init	8668.2
ta-cs	10	enumerator	10899.5
ta-cs	10	work_done	32515.7
ta-cs	10	exit	32519.1
ta-cs	11	entry	9259.9
ta-cs	11	com_init	9263.6
ta-cs	11	enumerator	11533.5
ta-cs	11	work_done	36012.8
ta-cs	11	exit	36016.6
ta-cs	12	entry	9107.3
ta-cs	12	com_init	9110.7
ta-cs	12	enumerator	11420.2
ta-cs	12	work_done	33694.7
ta-cs	12	exit	33697.9
ta-cs	13	entry	8359.6
ta-cs	13	com_init	8362.8
ta-cs	13	enumerator	10402.5
ta-cs	13	work_done	31202.4
ta-cs	13	exit	31206.9
ta-cs	14	entry	8299.5
ta-cs	14	com_init	8302.9
ta-cs	14	enumerator	10367.7
ta-cs	14	work_done	32524.4
ta-cs	14	exit	32528.0
ta-cs	15	entry	8927.8
ta-cs	15	com_init	8931.2
ta-cs	15	enumerator	11125.7
ta-cs	15	work_done	33908.5
ta-cs	15	exit	33912.6
ta-cs	16	entry	8875.0
ta-cs	16	com_init	8878.4
ta-cs	16	enumerator	10992.1
ta-cs	16	work_done	36425.4
ta-cs	16	exit	36429.3
ta-cs	17	entry	8284.3
ta-cs	17	com_init	8288.7
ta-cs	17	enumerator	10926.0
ta-cs	17	work_done	37514.7
ta-cs	17	exit	37518.4
ta-cs	18	entry	8791.1
ta-cs	18	com_init	8794.5
ta-cs	18	enumerator	10871.2
ta-cs	18	work_done	32579.5
ta-cs	18	exit	32583.6
ta-cs	19	entry	8255.0
ta-cs	19	com_init	8258.4
ta-cs	19	enumerator	10559.0
ta-cs	19	work_done	33456.1
ta-cs	19	exit	33459.7
ta-cs	20	entry	8683.7
ta-cs	20	com_init	8687.1
ta-cs	20	enumerator	10836.1
ta-cs	20	work_done	34076.8
ta-cs	20	exit	34080.7
ta-cs	21	entry	9448.1
ta-cs	21	com_init	9451.0
ta-cs	21	enumerator	11557.9
ta-cs	21	work_done	36711.7
ta-cs	21	exit	36715.9
ta-cs	22	entry	8231.4
ta-cs	22	com_init	8234.8
ta-cs	22	enumerator	10445.2
ta-cs	22	work_done	34287.4
ta-cs	22	exit	34290.5
ta-cs	23	entry	8837.4
ta-cs	23	com_init	8840.6
ta-cs	23	enumerator	11008.9
ta-cs	23	work_done	34974.7
ta-cs	23	exit	34978.5
ta-cs	24	entry	8544.8
ta-cs	24	com_init	8547.7
ta-cs	24	enumerator	10653.7
ta-cs	24	work_done	34504.3
ta-cs	24	exit	34508.2
ta-cs	25	entry	8822.2
ta-cs	25	com_init	8825.4
ta-cs	25	enumerator	10904.6
ta-cs	25	work_done	34778.7
ta-cs	25	exit	34782.4
ta-cs	26	entry	8939.8
ta-cs	26	com_init	8942.9
ta-cs	26	enumerator	11004.7
ta-cs	26	work_done	35988.2
ta-cs	26	exit	35992.4
ta-cs	27	entry	8151.7
ta-cs	27	com_init	8154.6
ta-cs	27	enumerator	10245.0
ta-cs	27	work_done	34676.2
ta-cs	27	exit	34680.2
ta-cs	28	entry	8140.4
ta-cs	28	com_init	8143.3
ta-cs	28	enumerator	10935.2
ta-cs	28	work_done	37261.2
ta-cs	28	exit	37265.3
ta-cs	29	entry	9663.9
ta-cs	29	com_init	9667.2
ta-cs	29	enumerator	12005.5
ta-cs	29	work_done	33693.3
ta-cs	29	exit	33697.1
ta-go	0	entry	5159.9
ta-go	0	com_init	8920.4
ta-go	0	enumerator	10879.4
ta-go	0	work_done	33566.0
ta-go	0	exit	34545.5
ta-go	1	entry	4799.5
ta-go	1	com_init	8702.0
ta-go	1	enumerator	10733.0
ta-go	1	work_done	34058.7
ta-go	1	exit	35212.9
ta-go	2	entry	5102.0
ta-go	2	com_init	9613.8
ta-go	2	enumerator	11835.4
ta-go	2	work_done	35116.6
ta-go	2	exit	36123.5
ta-go	3	entry	4915.4
ta-go	3	com_init	8718.1
ta-go	3	enumerator	10774.6
ta-go	3	work_done	37904.6
ta-go	3	exit	38884.5
ta-go	4	entry	4828.4
ta-go	4	com_init	8820.0
ta-go	4	enumerator	11375.4
ta-go	4	work_done	35401.1
ta-go	4	exit	36373.4
ta-go	5	entry	5239.9
ta-go	5	com_init	9098.9
ta-go	5	enumerator	11132.9
ta-go	5	work_done	34775.9
ta-go	5	exit	35834.3
ta-go	6	entry	4972.6
ta-go	6	com_init	9104.2
ta-go	6	enumerator	11698.6
ta-go	6	work_done	35658.2
ta-go	6	exit	36626.8
ta-go	7	entry	4886.2
ta-go	7	com_init	9361.7
ta-go	7	enumerator	11706.5
ta-go	7	work_done	38650.4
ta-go	7	exit	39652.2
ta-go	8	entry	4902.2
ta-go	8	com_init	8635.6
ta-go	8	enumerator	11010.3
ta-go	8	work_done	33703.9
ta-go	8	exit	34885.1
ta-go	9	entry	5028.3
ta-go	9	com_init	9070.4
ta-go	9	enumerator	11205.8
ta-go	9	work_done	34592.4
ta-go	9	exit	35595.8
ta-go	10	entry	4860.3
ta-go	10	com_init	8858.7
ta-go	10	enumerator	10937.6
ta-go	10	work_done	34216.7
ta-go	10	exit	35194.3
ta-go	11	entry	4564.4
ta-go	11	com_init	8790.3
ta-go	11	enumerator	11240.5
ta-go	11	work_done	34053.4
ta-go	11	exit	35079.1
ta-go	12	entry	4877.7
ta-go	12	com_init	8818.8
ta-go	12	enumerator	10948.4
ta-go	12	work_done	34110.3
ta-go	12	exit	35224.3
ta-go	13	entry	5219.3
ta-go	13	com_init	9178.7
ta-go	13	enumerator	11383.4
ta-go	13	work_done	35471.2
ta-go	13	exit	36641.4
ta-go	14	entry	5070.2
ta-go	14	com_init	9249.2
ta-go	14	enumerator	11566.1
ta-go	14	work_done	33605.3
ta-go	14	exit	34559.2
ta-go	15	entry	5458.1
ta-go	15	com_init	9527.4
ta-go	15	enumerator	11739.3
ta-go	15	work_done	34747.5
ta-go	15	exit	35969.2
ta-go	16	entry	5072.7
ta-go	16	com_init	8947.7
ta-go	16	enumerator	11097.0
ta-go	16	work_done	35825.9
ta-go	16	exit	36786.8
ta-go	17	entry	5158.1
ta-go	17	com_init	8911.0
ta-go	17	enumerator	11056.5
ta-go	17	work_done	36488.7
ta-go	17	exit	37619.0
ta-go	18	entry	4900.6
ta-go	18	com_init	8794.3
ta-go	18	enumerator	10895.5
ta-go	18	work_done	34791.2
ta-go	18	exit	35958.4
ta-go	19	entry	5681.1
ta-go	19	com_init	10269.8
ta-go	19	enumerator	12378.3
ta-go	19	work_done	33519.2
ta-go	19	exit	34574.2
ta-go	20	entry	5507.5
ta-go	20	com_init	9729.1
ta-go	20	enumerator	11965.0
ta-go	20	work_done	33308.4
ta-go	20	exit	34654.4
ta-go	21	entry	5394.8
ta-go	21	com_init	9448.9
ta-go	21	enumerator	11631.1
ta-go	21	work_done	35152.8
ta-go	21	exit	36290.3
ta-go	22	entry	5355.3
ta-go	22	com_init	9209.1
ta-go	22	enumerator	11283.6
ta-go	22	work_done	32198.5
ta-go	22	exit	33170.7
ta-go	23	entry	5344.5
ta-go	23	com_init	9673.2
ta-go	23	enumerator	11684.8
ta-go	23	work_done	35895.7
ta-go	23	exit	37081.3
ta-go	24	entry	5189.1
ta-go	24	com_init	8977.4
ta-go	24	enumerator	11207.9
ta-go	24	work_done	36012.6
ta-go	24	exit	37163.3
ta-go	25	entry	5752.8
ta-go	25	com_init	9984.9
ta-go	25	enumerator	12177.5
ta-go	25	work_done	39678.8
ta-go	25	exit	40723.5
ta-go	26	entry	4940.7
ta-go	26	com_init	9405.5
ta-go	26	enumerator	11524.5
ta-go	26	work_done	35981.4
ta-go	26	exit	37028.6
ta-go	27	entry	5006.5
ta-go	27	com_init	8833.7
ta-go	27	enumerator	10926.9
ta-go	27	work_done	35007.5
ta-go	27	exit	35930.2
ta-go	28	entry	4586.8
ta-go	28	com_init	8376.1
ta-go	28	enumerator	10593.2
ta-go	28	work_done	35003.0
ta-go	28	exit	36182.5
ta-go	29	entry	5123.5
ta-go	29	com_init	8988.5
ta-go	29	enumerator	11149.2
ta-go	29	work_done	35940.7
ta-go	29	exit	36976.2
ta-zig	0	entry	5991.0
ta-zig	0	com_init	7914.1
ta-zig	0	enumerator	9977.8
ta-zig	0	work_done	38865.4
ta-zig	0	exit	40069.3
ta-zig	1	entry	5484.1
ta-zig	1	com_init	7328.7
ta-zig	1	enumerator	9354.7
ta-zig	1	work_done	34619.9
ta-zig	1	exit	35585.1
ta-zig	2	entry	5569.1
ta-zig	2	com_init	7560.1
ta-zig	2	enumerator	9726.3
ta-zig	2	work_done	33748.4
ta-zig	2	exit	34677.6
ta-zig	3	entry	5866.1
ta-zig	3	com_init	7900.8
ta-zig	3	enumerator	10186.5
ta-zig	3	work_done	34893.9
ta-zig	3	exit	35878.3
ta-zig	4	entry	5422.1
ta-zig	4	com_init	7118.3
ta-zig	4	enumerator	9093.6
ta-zig	4	work_done	34648.3
ta-zig	4	exit	35610.3
ta-zig	5	entry	5930.8
ta-zig	5	com_init	8352.6
ta-zig	5	enumerator	11007.0
ta-zig	5	work_done	36203.0
ta-zig	5	exit	37633.0
ta-zig	6	entry	6006.9
ta-zig	6	com_init	8190.9
ta-zig	6	enumerator	10212.6
ta-zig	6	work_done	35962.3
ta-zig	6	exit	37112.2
ta-zig	7	entry	6295.6
ta-zig	7	com_init	8138.6
ta-zig	7	enumerator	10459.1
ta-zig	7	work_done	33274.6
ta-zig	7	exit	34153.3
ta-zig	8	entry	5240.5
ta-zig	8	com_init	7166.0
ta-zig	8	enumerator	9205.2
ta-zig	8	work_done	33384.3
ta-zig	8	exit	34318.9
ta-zig	9	entry	5906.3
ta-zig	9	com_init	7692.9
ta-zig	9	enumerator	9662.3
ta-zig	9	work_done	33259.9
ta-zig	9	exit	34255.6
ta-zig	10	entry	5461.3
ta-zig	10	com_init	7228.4
ta-zig	10	enumerator	9412.4
ta-zig	10	work_done	33892.8
ta-zig	10	exit	35031.7
ta-zig	11	entry	6059.5
ta-zig	11	com_init	8373.7
ta-zig	11	enumerator	11354.8
ta-zig	11	work_done	49898.0
ta-zig	11	exit	50897.6
ta-zig	12	entry	6537.5
ta-zig	12	com_init	8824.4
ta-zig	12	enumerator	11175.8
ta-zig	12	work_done	41462.2
ta-zig	12	exit	42831.1
ta-zig	13	entry	5529.1
ta-zig	13	com_init	7738.7
ta-zig	13	enumerator	9857.1
ta-zig	13	work_done	32705.9
ta-zig	13	exit	33593.6
ta-zig	14	entry	5871.1
ta-zig	14	com_init	7793.7
ta-zig	14	enumerator	9814.7
ta-zig	14	work_done	35250.0
ta-zig	14	exit	36611.1
ta-zig	15	entry	5673.2
ta-zig	15	com_init	7535.8
ta-zig	15	enumerator	9546.1
ta-zig	15	work_done	37375.8
ta-zig	15	exit	38260.4
ta-zig	16	entry	5685.4
ta-zig	16	com_init	7679.8
ta-zig	16	enumerator	9931.7
ta-zig	16	work_done	35365.8
ta-zig	16	exit	36447.0
ta-zig	17	entry	5615.3
ta-zig	17	com_init	7663.6
ta-zig	17	enumerator	10003.5
ta-zig	17	work_done	37861.4
ta-zig	17	exit	39099.5
ta-zig	18	entry	5683.9
ta-zig	18	com_init	7522.8
ta-zig	18	enumerator	9681.8
ta-zig	18	work_done	32647.2
ta-zig	18	exit	33664.7
ta-zig	19	entry	5805.3
ta-zig	19	com_init	7633.9
ta-zig	19	enumerator	9906.7
ta-zig	19	work_done	32281.9
ta-zig	19	exit	33284.4
ta-zig	20	entry	5715.1
ta-zig	20	com_init	7514.8
ta-zig	20	enumerator	9551.2
ta-zig	20	work_done	35745.9
ta-zig	20	exit	36683.9
ta-zig	21	entry	5491.7
ta-zig	21	com_init	7386.4
ta-zig	21	enumerator	9577.4
ta-zig	21	work_done	32024.9
ta-zig	21	exit	33064.1
ta-zig	22	entry	5886.1
ta-zig	22	com_init	7951.6
ta-zig	22	enumerator	9955.9
ta-zig	22	work_done	35341.1
ta-zig	22	exit	36501.8
ta-zig	23	entry	5994.0
ta-zig	23	com_init	7985.8
ta-zig	23	enumerator	9952.1
ta-zig	23	work_done	38755.6
ta-zig	23	exit	40059.9
ta-zig	24	entry	5990.0
ta-zig	24	com_init	7895.6
ta-zig	24	enumerator	9982.6
ta-zig	24	work_done	32681.5
ta-zig	24	exit	33634.7
ta-zig	25	entry	5605.8
ta-zig	25	com_init	7552.3
ta-zig	25	enumerator	9602.6
ta-zig	25	work_done	32158.0
ta-zig	25	exit	33299.8
ta-zig	26	entry	6114.3
ta-zig	26	com_init	7945.9
ta-zig	26	enumerator	10144.8
ta-zig	26	work_done	35343.2
ta-zig	26	exit	36438.4
ta-zig	27	entry	5342.5
ta-zig	27	com_init	7352.1
ta-zig	27	enumerator	9441.3
ta-zig	27	work_done	36926.8
ta-zig	27	exit	38048.7
ta-zig	28	entry	6518.2
ta-zig	28	com_init	8540.0
ta-zig	28	enumerator	10849.0
ta-zig	28	work_done	41449.3
ta-zig	28	exit	42495.6
ta-zig	29	entry	6478.5
ta-zig	29	com_init	8399.4
ta-zig	29	enumerator	10653.1
ta-zig	29	work_done	40096.1
ta-zig	29	exit	41109.4
ta-zigcc	0	entry	6174.7
ta-zigcc	0	com_init	7992.7
ta-zigcc	0	enumerator	9944.5
ta-zigcc	0	work_done	36415.7
ta-zigcc	0	exit	37461.6
ta-zigcc	1	entry	5628.3
ta-zigcc	1	com_init	7731.4
ta-zigcc	1	enumerator	10279.9
ta-zigcc	1	work_done	37760.5
ta-zigcc	1	exit	38853.7
ta-zigcc	2	entry	6411.7
ta-zigcc	2	com_init	8488.6
ta-zigcc	2	enumerator	10910.5
ta-zigcc	2	work_done	38628.2
ta-zigcc	2	exit	39549.0
ta-zigcc	3	entry	5394.2
ta-zigcc	3	com_init	7200.7
ta-zigcc	3	enumerator	9430.0
ta-zigcc	3	work_done	32369.9
ta-zigcc	3	exit	33490.6
ta-zigcc	4	entry	5931.8
ta-zigcc	4	com_init	7973.7
ta-zigcc	4	enumerator	10078.0
ta-zigcc	4	work_done	32032.5
ta-zigcc	4	exit	32959.7
ta-zigcc	5	entry	5437.4
ta-zigcc	5	com_init	7424.1
ta-zigcc	5	enumerator	9413.0
ta-zigcc	5	work_done	32718.9
ta-zigcc	5	exit	33770.8
ta-zigcc	6	entry	5519.8
ta-zigcc	6	com_init	7422.4
ta-zigcc	6	enumerator	9516.3
ta-zigcc	6	work_done	35007.1
ta-zigcc	6	exit	36004.5
ta-zigcc	7	entry	5345.6
ta-zigcc	7	com_init	9241.0
ta-zigcc	7	enumerator	11445.9
ta-zigcc	7	work_done	35377.3
ta-zigcc	7	exit	36335.3
ta-zigcc	8	entry	5873.8
ta-zigcc	8	com_init	7919.6
ta-zigcc	8	enumerator	10147.4
ta-zigcc	8	work_done	35463.8
ta-zigcc	8	exit	36445.7
ta-zigcc	9	entry	5540.3
ta-zigcc	9	com_init	7551.6
ta-zigcc	9	enumerator	10169.3
ta-zigcc	9	work_done	36330.7
ta-zigcc	9	exit	37283.8
ta-zigcc	10	entry	5742.5
ta-zigcc	10	com_init	7747.6
ta-zigcc	10	enumerator	9830.0
ta-zigcc	10	work_done	32352.8
ta-zigcc	10	exit	33493.1
ta-zigcc	11	entry	5755.7
ta-zigcc	11	com_init	7619.5
ta-zigcc	11	enumerator	9921.9
ta-zigcc	11	work_done	31367.0
ta-zigcc	11	exit	32504.7
ta-zigcc	12	entry	5317.3
ta-zigcc	12	com_init	7079.6
ta-zigcc	12	enumerator	9077.5
ta-zigcc	12	work_done	31745.6
ta-zigcc	12	exit	32687.2
ta-zigcc	13	entry	5581.3
ta-zigcc	13	com_init	7801.5
ta-zigcc	13	enumerator	9800.8
ta-zigcc	13	work_done	31327.5
ta-zigcc	13	exit	32342.3
ta-zigcc	14	entry	5566.3
ta-zigcc	14	com_init	7377.2
ta-zigcc	14	enumerator	9409.6
ta-zigcc	14	work_done	30394.8
ta-zigcc	14	exit	31765.2
ta-zigcc	15	entry	5715.2
ta-zigcc	15	com_init	7504.5
ta-zigcc	15	enumerator	9552.8
ta-zigcc	15	work_done	31271.8
ta-zigcc	15	exit	32220.3
ta-zigcc	16	entry	5279.2
ta-zigcc	16	com_init	7299.2
ta-zigcc	16	enumerator	9325.1
ta-zigcc	16	work_done	31739.8
ta-zigcc	16	exit	32779.7
ta-zigcc	17	entry	5406.6
ta-zigcc	17	com_init	7195.5
ta-zigcc	17	enumerator	9080.2
ta-zigcc	17	work_done	35763.6
ta-zigcc	17	exit	36882.8
ta-zigcc	18	entry	5757.4
ta-zigcc	18	com_init	8008.7
ta-zigcc	18	enumerator	10335.1
ta-zigcc	18	work_done	31249.1
ta-zigcc	18	exit	32296.5
ta-zigcc	19	entry	6154.6
ta-zigcc	19	com_init	8201.7
ta-zigcc	19	enumerator	10316.8
ta-zigcc	19	work_done	31768.0
ta-zigcc	19	exit	32679.9
ta-zigcc	20	entry	5779.2
ta-zigcc	20	com_init	7536.0
ta-zigcc	20	enumerator	9563.3
ta-zigcc	20	work_done	31461.8
ta-zigcc	20	exit	32422.0
ta-zigcc	21	entry	5602.0
ta-zigcc	21	com_init	7528.6
ta-zigcc	21	enumerator	9485.3
ta-zigcc	21	work_done	35643.0
ta-zigcc	21	exit	36598.5
ta-zigcc	22	entry	6223.5
ta-zigcc	22	com_init	8244.5
ta-zigcc	22	enumerator	10382.2
ta-zigcc	22	work_done	38939.3
ta-zigcc	22	exit	40062.3
ta-zigcc	23	entry	5753.6
ta-zigcc	23	com_init	7584.8
ta-zigcc	23	enumerator	9753.5
ta-zigcc	23	work_done	33381.3
ta-zigcc	23	exit	34268.5
ta-zigcc	24	entry	5755.9
ta-zigcc	24	com_init	7527.0
ta-zigcc	24	enumerator	9473.3
ta-zigcc	24	work_done	33009.1
ta-zigcc	24	exit	34076.6
ta-zigcc	25	entry	5431.1
ta-zigcc	25	com_init	7504.0
ta-zigcc	25	enumerator	9540.3
ta-zigcc	25	work_done	32905.5
ta-zigcc	25	exit	33872.3
ta-zigcc	26	entry	6092.0
ta-zigcc	26	com_init	8054.0
ta-zigcc	26	enumerator	10258.8
ta-zigcc	26	work_done	35180.7
ta-zigcc	26	exit	36245.2
ta-zigcc	27	entry	6364.5
ta-zigcc	27	com_init	8302.7
ta-zigcc	27	enumerator	10571.8
ta-zigcc	27	work_done	35873.5
ta-zigcc	27	exit	36773.6
ta-zigcc	28	entry	5173.7
ta-zigcc	28	com_init	7307.1
ta-zigcc	28	enumerator	9446.2
ta-zigcc	28	work_done	30046.4
ta-zigcc	28	exit	31010.2
ta-zigcc	29	entry	5246.2
ta-zigcc	29	com_init	7177.0
ta-zigcc	29	enumerator	9166.4
ta-zigcc	29	work_done	30481.6
ta-zigcc	29	exit	31708.8
toggle-audio	0	start	6859.2
toggle-audio	0	config_loaded	6960.7
toggle-audio	0	com_ready	10686.1
toggle-audio	0	target_chosen	10937.5
toggle-audio	0	set_done	14977.3
toggle-audio	0	end	15312.8
toggle-audio	1	start	7125.1
toggle-audio	1	config_loaded	7217.4
toggle-audio	1	com_ready	10705.8
toggle-audio	1	target_chosen	10952.8
toggle-audio	1	set_done	15021.1
toggle-audio	1	end	15374.0
toggle-audio	2	start	7227.0
toggle-audio	2	config_loaded	7320.3
toggle-audio	2	com_ready	10540.8
toggle-audio	2	target_chosen	10781.0
toggle-audio	2	set_done	14648.7
toggle-audio	2	end	14943.6
toggle-audio	3	start	6663.7
toggle-audio	3	config_loaded	6757.2
toggle-audio	3	com_ready	10191.7
toggle-audio	3	target_chosen	10440.2
toggle-audio	3	set_done	14444.0
toggle-audio	3	end	14814.3
toggle-audio	4	start	6648.2
toggle-audio	4	config_loaded	6738.5
toggle-audio	4	com_ready	10319.8
toggle-audio	4	target_chosen	10628.8
toggle-audio	4	set_done	14681.0
toggle-audio	4	end	15109.4
toggle-audio	5	start	6742.2
toggle-audio	5	config_loaded	6832.8
toggle-audio	5	com_ready	10408.0
toggle-audio	5	target_chosen	10704.4
toggle-audio	5	set_done	14798.1
toggle-audio	5	end	15147.8
toggle-audio	6	start	6739.3
toggle-audio	6	config_loaded	6835.5
toggle-audio	6	com_ready	10793.9
toggle-audio	6	target_chosen	11042.4
toggle-audio	6	set_done	15140.1
toggle-audio	6	end	15484.9
toggle-audio	7	start	6922.7
toggle-audio	7	config_loaded	7014.0
toggle-audio	7	com_ready	10506.3
toggle-audio	7	target_chosen	10744.6
toggle-audio	7	set_done	14779.4
toggle-audio	7	end	15150.6
toggle-audio	8	start	7033.5
toggle-audio	8	config_loaded	7129.8
toggle-audio	8	com_ready	10564.6
toggle-audio	8	target_chosen	10806.8
toggle-audio	8	set_done	14851.2
toggle-audio	8	end	15224.9
toggle-audio	9	start	7183.1
toggle-audio	9	config_loaded	7276.6
toggle-audio	9	com_ready	10801.9
toggle-audio	9	target_chosen	11048.8
toggle-audio	9	set_done	15417.9
toggle-audio	9	end	15814.4
toggle-audio	10	start	7232.6
toggle-audio	10	config_loaded	7324.4
toggle-audio	10	com_ready	10923.0
toggle-audio	10	target_chosen	11167.9
toggle-audio	10	set_done	15536.3
toggle-audio	10	end	15922.1
toggle-audio	11	start	7248.6
toggle-audio	11	config_loaded	7341.4
toggle-audio	11	com_ready	11163.5
toggle-audio	11	target_chosen	11416.6
toggle-audio	11	set_done	15902.1
toggle-audio	11	end	16300.0
toggle-audio	12	start	6900.2
toggle-audio	12	config_loaded	6994.9
toggle-audio	12	com_ready	10636.0
toggle-audio	12	target_chosen	10884.3
toggle-audio	12	set_done	14874.6
toggle-audio	12	end	15324.3
toggle-audio	13	start	6676.8
toggle-audio	13	config_loaded	6772.7
toggle-audio	13	com_ready	10469.1
toggle-audio	13	target_chosen	10725.6
toggle-audio	13	set_done	14609.2
toggle-audio	13	end	14953.3
toggle-audio	14	start	7284.7
toggle-audio	14	config_loaded	7383.9
toggle-audio	14	com_ready	11065.1
toggle-audio	14	target_chosen	11322.2
toggle-audio	14	set_done	15337.0
toggle-audio	14	end	15697.4
toggle-audio	15	start	7014.8
toggle-audio	15	config_loaded	7108.6
toggle-audio	15	com_ready	10499.1
toggle-audio	15	target_chosen	10761.1
toggle-audio	15	set_done	14719.1
toggle-audio	15	end	15063.7
toggle-audio	16	start	6785.9
toggle-audio	16	config_loaded	6877.7
toggle-audio	16	com_ready	10330.7
toggle-audio	16	target_chosen	10571.6
toggle-audio	16	set_done	14600.9
toggle-audio	16	end	15027.0
toggle-audio	17	start	6872.2
toggle-audio	17	config_loaded	6963.5
toggle-audio	17	com_ready	10641.3
toggle-audio	17	target_chosen	10882.7
toggle-audio	17	set_done	14828.4
toggle-audio	17	end	15288.9
toggle-audio	18	start	6674.0
toggle-audio	18	config_loaded	6765.9
toggle-audio	18	com_ready	10192.4
toggle-audio	18	target_chosen	10452.8
toggle-audio	18	set_done	14516.8
toggle-audio	18	end	14879.1
toggle-audio	19	start	6901.3
toggle-audio	19	config_loaded	6996.4
toggle-audio	19	com_ready	10627.2
toggle-audio	19	target_chosen	10875.7
toggle-audio	19	set_done	14834.1
toggle-audio	19	end	15184.1
toggle-audio	20	start	6708.0
toggle-audio	20	config_loaded	6802.8
toggle-audio	20	com_ready	10261.6
toggle-audio	20	target_chosen	10510.4
toggle-audio	20	set_done	14515.8
toggle-audio	20	end	14845.6
toggle-audio	21	start	6690.7
toggle-audio	21	config_loaded	6782.9
toggle-audio	21	com_ready	10159.9
toggle-audio	21	target_chosen	10405.6
toggle-audio	21	set_done	14382.0
toggle-audio	21	end	14719.0
toggle-audio	22	start	6845.5
toggle-audio	22	config_loaded	6937.8
toggle-audio	22	com_ready	10520.4
toggle-audio	22	target_chosen	10770.7
toggle-audio	22	set_done	14754.4
toggle-audio	22	end	15081.0
toggle-audio	23	start	7238.0
toggle-audio	23	config_loaded	7341.2
toggle-audio	23	com_ready	10868.2
toggle-audio	23	target_chosen	11158.6
toggle-audio	23	set_done	15204.6
toggle-audio	23	end	15569.5
toggle-audio	24	start	8175.3
toggle-audio	24	config_loaded	8285.7
toggle-audio	24	com_ready	11993.3
toggle-audio	24	target_chosen	12264.6
toggle-audio	24	set_done	16552.5
toggle-audio	24	end	17017.8
toggle-audio	25	start	7540.9
toggle-audio	25	config_loaded	7648.7
toggle-audio	25	com_ready	11752.8
toggle-audio	25	target_chosen	12001.9
toggle-audio	25	set_done	16073.6
toggle-audio	25	end	16467.2
toggle-audio	26	start	7676.6
toggle-audio	26	config_loaded	7771.0
toggle-audio	26	com_ready	11580.1
toggle-audio	26	target_chosen	11828.3
toggle-audio	26	set_done	15851.8
toggle-audio	26	end	16210.3
toggle-audio	27	start	7061.8
toggle-audio	27	config_loaded	7157.7
toggle-audio	27	com_ready	10715.7
toggle-audio	27	target_chosen	10964.9
toggle-audio	27	set_done	14940.1
toggle-audio	27	end	15277.8
toggle-audio	28	start	6841.7
toggle-audio	28	config_loaded	6932.8
toggle-audio	28	com_ready	10440.3
toggle-audio	28	target_chosen	10691.8
toggle-audio	28	set_done	14809.0
toggle-audio	28	end	15303.4
toggle-audio	29	start	6846.8
toggle-audio	29	config_loaded	6940.2
toggle-audio	29	com_ready	10536.2
toggle-audio	29	target_chosen	10789.5
toggle-audio	29	set_done	14955.9
toggle-audio	29	end	15341.2
toggle-audiow	0	start	6716.1
toggle-audiow	0	config_loaded	6808.5
toggle-audiow	0	com_ready	10512.4
toggle-audiow	0	target_chosen	10782.6
toggle-audiow	0	set_done	14844.8
toggle-audiow	0	end	15268.7
toggle-audiow	1	start	6732.9
toggle-audiow	1	config_loaded	6837.5
toggle-audiow	1	com_ready	10594.9
toggle-audiow	1	target_chosen	10860.3
toggle-audiow	1	set_done	14829.8
toggle-audiow	1	end	15185.1
toggle-audiow	2	start	6881.4
toggle-audiow	2	config_loaded	6975.3
toggle-audiow	2	com_ready	10354.2
toggle-audiow	2	target_chosen	10612.4
toggle-audiow	2	set_done	14627.1
toggle-audiow	2	end	14976.5
toggle-audiow	3	start	6940.6
toggle-audiow	3	config_loaded	7030.8
toggle-audiow	3	com_ready	10439.6
toggle-audiow	3	target_chosen	10683.0
toggle-audiow	3	set_done	14650.8
toggle-audiow	3	end	15058.0
toggle-audiow	4	start	6781.6
toggle-audiow	4	config_loaded	6874.6
toggle-audiow	4	com_ready	10333.3
toggle-audiow	4	target_chosen	10573.5
toggle-audiow	4	set_done	14631.0
toggle-audiow	4	end	15056.5
toggle-audiow	5	start	7268.5
toggle-audiow	5	config_loaded	7360.1
toggle-audiow	5	com_ready	10860.3
toggle-audiow	5	target_chosen	11138.9
toggle-audiow	5	set_done	15222.9
toggle-audiow	5	end	15633.0
toggle-audiow	6	start	6817.3
toggle-audiow	6	config_loaded	6917.9
toggle-audiow	6	com_ready	10771.1
toggle-audiow	6	target_chosen	11050.7
toggle-audiow	6	set_done	15431.1
toggle-audiow	6	end	15853.7
toggle-audiow	7	start	7566.0
toggle-audiow	7	config_loaded	7659.6
toggle-audiow	7	com_ready	11452.0
toggle-audiow	7	target_chosen	11708.1
toggle-audiow	7	set_done	15885.6
toggle-audiow	7	end	16305.8
toggle-audiow	8	start	6601.9
toggle-audiow	8	config_loaded	6691.2
toggle-audiow	8	com_ready	10139.4
toggle-audiow	8	target_chosen	10391.3
toggle-audiow	8	set_done	14507.6
toggle-audiow	8	end	14970.4
toggle-audiow	9	start	7297.6
toggle-audiow	9	config_loaded	7403.3
toggle-audiow	9	com_ready	11105.6
toggle-audiow	9	target_chosen	11364.1
toggle-audiow	9	set_done	15528.0
toggle-audiow	9	end	15952.4
toggle-audiow	10	start	7012.1
toggle-audiow	10	config_loaded	7102.5
toggle-audiow	10	com_ready	10726.7
toggle-audiow	10	target_chosen	10972.7
toggle-audiow	10	set_done	15141.8
toggle-audiow	10	end	15551.1
toggle-audiow	11	start	7379.6
toggle-audiow	11	config_loaded	7485.8
toggle-audiow	11	com_ready	11010.3
toggle-audiow	11	target_chosen	11274.7
toggle-audiow	11	set_done	15693.4
toggle-audiow	11	end	16412.8
toggle-audiow	12	start	7080.9
toggle-audiow	12	config_loaded	7173.6
toggle-audiow	12	com_ready	12603.5
toggle-audiow	12	target_chosen	12864.6
toggle-audiow	12	set_done	17017.0
toggle-audiow	12	end	17518.3
toggle-audiow	13	start	7228.9
toggle-audiow	13	config_loaded	7321.6
toggle-audiow	13	com_ready	10939.2
toggle-audiow	13	target_chosen	11194.2
toggle-audiow	13	set_done	15188.0
toggle-audiow	13	end	15537.3
toggle-audiow	14	start	7097.5
toggle-audiow	14	config_loaded	7186.2
toggle-audiow	14	com_ready	10593.1
toggle-audiow	14	target_chosen	10837.7
toggle-audiow	14	set_done	15059.4
toggle-audiow	14	end	15454.9
toggle-audiow	15	start	7455.0
toggle-audiow	15	config_loaded	7558.0
toggle-audiow	15	com_ready	11162.8
toggle-audiow	15	target_chosen	11420.5
toggle-audiow	15	set_done	15659.7
toggle-audiow	15	end	16073.9
toggle-audiow	16	start	6750.9
toggle-audiow	16	config_loaded	6841.6
toggle-audiow	16	com_ready	10337.0
toggle-audiow	16	target_chosen	10607.8
toggle-audiow	16	set_done	14716.5
toggle-audiow	16	end	15426.1
toggle-audiow	17	start	7029.1
toggle-audiow	17	config_loaded	7125.0
toggle-audiow	17	com_ready	10750.5
toggle-audiow	17	target_chosen	11017.9
toggle-audiow	17	set_done	14913.1
toggle-audiow	17	end	15301.6
toggle-audiow	18	start	6886.6
toggle-audiow	18	config_loaded	6980.0
toggle-audiow	18	com_ready	10397.9
toggle-audiow	18	target_chosen	10639.4
toggle-audiow	18	set_done	14612.3
toggle-audiow	18	end	14948.2
toggle-audiow	19	start	6897.4
toggle-audiow	19	config_loaded	6998.7
toggle-audiow	19	com_ready	10464.0
toggle-audiow	19	target_chosen	10761.7
toggle-audiow	19	set_done	14746.4
toggle-audiow	19	end	15075.5
toggle-audiow	20	start	6903.7
toggle-audiow	20	config_loaded	6996.2
toggle-audiow	20	com_ready	10601.3
toggle-audiow	20	target_chosen	10846.3
toggle-audiow	20	set_done	14901.8
toggle-audiow	20	end	15234.7
toggle-audiow	21	start	6860.2
toggle-audiow	21	config_loaded	6951.5
toggle-audiow	21	com_ready	10358.2
toggle-audiow	21	target_chosen	10605.8
toggle-audiow	21	set_done	14585.7
toggle-audiow	21	end	15075.0
toggle-audiow	22	start	6949.2
toggle-audiow	22	config_loaded	7045.1
toggle-audiow	22	com_ready	10597.1
toggle-audiow	22	target_chosen	11024.8
toggle-audiow	22	set_done	15121.8
toggle-audiow	22	end	15516.6
toggle-audiow	23	start	6790.8
toggle-audiow	23	config_loaded	6886.5
toggle-audiow	23	com_ready	10617.8
toggle-audiow	23	target_chosen	10868.0
toggle-audiow	23	set_done	14821.6
toggle-audiow	23	end	15194.6
toggle-audiow	24	start	6817.6
toggle-audiow	24	config_loaded	6911.2
toggle-audiow	24	com_ready	10771.6
toggle-audiow	24	target_chosen	11019.9
toggle-audiow	24	set_done	15347.9
toggle-audiow	24	end	15954.6
toggle-audiow	25	start	7821.0
toggle-audiow	25	config_loaded	7922.7
toggle-audiow	25	com_ready	11548.8
toggle-audiow	25	target_chosen	11793.0
toggle-audiow	25	set_done	15919.5
toggle-audiow	25	end	16371.0
toggle-audiow	26	start	6832.6
toggle-audiow	26	config_loaded	6924.1
toggle-audiow	26	com_ready	10399.0
toggle-audiow	26	target_chosen	10675.5
toggle-audiow	26	set_done	14558.9
toggle-audiow	26	end	14893.9
toggle-audiow	27	start	6798.6
toggle-audiow	27	config_loaded	6889.2
toggle-audiow	27	com_ready	10449.9
toggle-audiow	27	target_chosen	10685.2
toggle-audiow	27	set_done	14700.3
toggle-audiow	27	end	15188.1
toggle-audiow	28	start	6763.2
toggle-audiow	28	config_loaded	6855.7
toggle-audiow	28	com_ready	10444.5
toggle-audiow	28	target_chosen	10687.0
toggle-audiow	28	set_done	14648.2
toggle-audiow	28	end	15018.6
toggle-audiow	29	start	6717.5
toggle-audiow	29	config_loaded	6806.4
toggle-audiow	29	com_ready	10482.7
toggle-audiow	29	target_chosen	10738.8
toggle-audiow	29	set_done	14800.9
toggle-audiow	29	end	15151.2
ta.ps1 (powershell.exe)	0	entry	135047.6
ta.ps1 (powershell.exe)	0	com_init	195502.6
ta.ps1 (powershell.exe)	0	enumerator	197921.7
ta.ps1 (powershell.exe)	0	work_done	241594.2
ta.ps1 (powershell.exe)	0	exit	246793.9
ta.ps1 (powershell.exe)	1	entry	133449.7
ta.ps1 (powershell.exe)	1	com_init	193529.7
ta.ps1 (powershell.exe)	1	enumerator	195735.7
ta.ps1 (powershell.exe)	1	work_done	240402.1
ta.ps1 (powershell.exe)	1	exit	245607.2
ta.ps1 (powershell.exe)	2	entry	133705.9
ta.ps1 (powershell.exe)	2	com_init	191951.2
ta.ps1 (powershell.exe)	2	enumerator	194174.1
ta.ps1 (powershell.exe)	2	work_done	237843.2
ta.ps1 (powershell.exe)	2	exit	243079.6
ta.ps1 (powershell.exe)	3	entry	159678.9
ta.ps1 (powershell.exe)	3	com_init	223672.0
ta.ps1 (powershell.exe)	3	enumerator	226317.3
ta.ps1 (powershell.exe)	3	work_done	275409.0
ta.ps1 (powershell.exe)	3	exit	281047.6
ta.ps1 (powershell.exe)	4	entry	135232.0
ta.ps1 (powershell.exe)	4	com_init	197731.0
ta.ps1 (powershell.exe)	4	enumerator	200062.4
ta.ps1 (powershell.exe)	4	work_done	246449.5
ta.ps1 (powershell.exe)	4	exit	251598.5
ta.ps1 (powershell.exe)	5	entry	157058.9
ta.ps1 (powershell.exe)	5	com_init	216320.4
ta.ps1 (powershell.exe)	5	enumerator	218514.1
ta.ps1 (powershell.exe)	5	work_done	262562.5
ta.ps1 (powershell.exe)	5	exit	267869.4
ta.ps1 (powershell.exe)	6	entry	133915.8
ta.ps1 (powershell.exe)	6	com_init	194508.8
ta.ps1 (powershell.exe)	6	enumerator	196904.3
ta.ps1 (powershell.exe)	6	work_done	240735.0
ta.ps1 (powershell.exe)	6	exit	246048.8
ta.ps1 (powershell.exe)	7	entry	134848.2
ta.ps1 (powershell.exe)	7	com_init	194505.5
ta.ps1 (powershell.exe)	7	enumerator	196682.7
ta.ps1 (powershell.exe)	7	work_done	243538.7
ta.ps1 (powershell.exe)	7	exit	248805.6
ta.ps1 (powershell.exe)	8	entry	135157.6
ta.ps1 (powershell.exe)	8	com_init	195747.2
ta.ps1 (powershell.exe)	8	enumerator	197931.9
ta.ps1 (powershell.exe)	8	work_done	246296.0
ta.ps1 (powershell.exe)	8	exit	251693.4
ta.ps1 (powershell.exe)	9	entry	131537.1
ta.ps1 (powershell.exe)	9	com_init	189736.9
ta.ps1 (powershell.exe)	9	enumerator	192017.5
ta.ps1 (powershell.exe)	9	work_done	240352.8
ta.ps1 (powershell.exe)	9	exit	245474.3
ta.ps1 (powershell.exe)	10	entry	133460.9
ta.ps1 (powershell.exe)	10	com_init	194265.7
ta.ps1 (powershell.exe)	10	enumerator	196517.4
ta.ps1 (powershell.exe)	10	work_done	243337.0
ta.ps1 (powershell.exe)	10	exit	248406.1
ta.ps1 (powershell.exe)	11	entry	131758.9
ta.ps1 (powershell.exe)	11	com_init	190587.0
ta.ps1 (powershell.exe)	11	enumerator	192920.2
ta.ps1 (powershell.exe)	11	work_done	237165.8
ta.ps1 (powershell.exe)	11	exit	242529.8
ta.ps1 (powershell.exe)	12	entry	133616.6
ta.ps1 (powershell.exe)	12	com_init	192496.6
ta.ps1 (powershell.exe)	12	enumerator	195142.4
ta.ps1 (powershell.exe)	12	work_done	237768.5
ta.ps1 (powershell.exe)	12	exit	242921.1
ta.ps1 (powershell.exe)	13	entry	133373.6
ta.ps1 (powershell.exe)	13	com_init	194929.4
ta.ps1 (powershell.exe)	13	enumerator	197127.2
ta.ps1 (powershell.exe)	13	work_done	241100.4
ta.ps1 (powershell.exe)	13	exit	246217.1
ta.ps1 (powershell.exe)	14	entry	134647.4
ta.ps1 (powershell.exe)	14	com_init	194595.3
ta.ps1 (powershell.exe)	14	enumerator	196827.4
ta.ps1 (powershell.exe)	14	work_done	244692.4
ta.ps1 (powershell.exe)	14	exit	250100.9
ta.ps1 (powershell.exe)	15	entry	134962.7
ta.ps1 (powershell.exe)	15	com_init	200899.0
ta.ps1 (powershell.exe)	15	enumerator	203353.0
ta.ps1 (powershell.exe)	15	work_done	245559.5
ta.ps1 (powershell.exe)	15	exit	251132.8
ta.ps1 (powershell.exe)	16	entry	134256.1
ta.ps1 (powershell.exe)	16	com_init	198156.9
ta.ps1 (powershell.exe)	16	enumerator	200553.3
ta.ps1 (powershell.exe)	16	work_done	244664.4
ta.ps1 (powershell.exe)	16	exit	250155.2
ta.ps1 (powershell.exe)	17	entry	138963.0
ta.ps1 (powershell.exe)	17	com_init	201377.4
ta.ps1 (powershell.exe)	17	enumerator	203676.4
ta.ps1 (powershell.exe)	17	work_done	250368.2
ta.ps1 (powershell.exe)	17	exit	255852.9
ta.ps1 (powershell.exe)	18	entry	136248.3
ta.ps1 (powershell.exe)	18	com_init	197171.5
ta.ps1 (powershell.exe)	18	enumerator	199391.5
ta.ps1 (powershell.exe)	18	work_done	243136.8
ta.ps1 (powershell.exe)	18	exit	248652.9
ta.ps1 (powershell.exe)	19	entry	135514.3
ta.ps1 (powershell.exe)	19	com_init	194638.7
ta.ps1 (powershell.exe)	19	enumerator	196803.2
ta.ps1 (powershell.exe)	19	work_done	243387.1
ta.ps1 (powershell.exe)	19	exit	248628.9
ta.ps1 (powershell.exe)	20	entry	134205.7
ta.ps1 (powershell.exe)	20	com_init	195579.9
ta.ps1 (powershell.exe)	20	enumerator	197952.0
ta.ps1 (powershell.exe)	20	work_done	246646.7
ta.ps1 (powershell.exe)	20	exit	251705.3
ta.ps1 (powershell.exe)	21	entry	132977.8
ta.ps1 (powershell.exe)	21	com_init	193453.6
ta.ps1 (powershell.exe)	21	enumerator	195653.1
ta.ps1 (powershell.exe)	21	work_done	240232.5
ta.ps1 (powershell.exe)	21	exit	245431.5
ta.ps1 (powershell.exe)	22	entry	134485.6
ta.ps1 (powershell.exe)	22	com_init	195551.3
ta.ps1 (powershell.exe)	22	enumerator	198180.2
ta.ps1 (powershell.exe)	22	work_done	244584.6
ta.ps1 (powershell.exe)	22	exit	249646.3
ta.ps1 (powershell.exe)	23	entry	135605.8
ta.ps1 (powershell.exe)	23	com_init	199457.6
ta.ps1 (powershell.exe)	23	enumerator	201731.5
ta.ps1 (powershell.exe)	23	work_done	248693.4
ta.ps1 (powershell.exe)	23	exit	254295.8
ta.ps1 (powershell.exe)	24	entry	135322.9
ta.ps1 (powershell.exe)	24	com_init	195617.5
ta.ps1 (powershell.exe)	24	enumerator	198338.3
ta.ps1 (powershell.exe)	24	work_done	243749.0
ta.ps1 (powershell.exe)	24	exit	249257.4
ta.ps1 (powershell.exe)	25	entry	135329.8
ta.ps1 (powershell.exe)	25	com_init	194309.0
ta.ps1 (powershell.exe)	25	enumerator	196894.5
ta.ps1 (powershell.exe)	25	work_done	241128.6
ta.ps1 (powershell.exe)	25	exit	246488.3
ta.ps1 (powershell.exe)	26	entry	137741.2
ta.ps1 (powershell.exe)	26	com_init	198818.2
ta.ps1 (powershell.exe)	26	enumerator	201250.4
ta.ps1 (powershell.exe)	26	work_done	246620.5
ta.ps1 (powershell.exe)	26	exit	252207.3
ta.ps1 (powershell.exe)	27	entry	132267.3
ta.ps1 (powershell.exe)	27	com_init	192263.7
ta.ps1 (powershell.exe)	27	enumerator	194413.2
ta.ps1 (powershell.exe)	27	work_done	240463.2
ta.ps1 (powershell.exe)	27	exit	245552.3
ta.ps1 (powershell.exe)	28	entry	133615.4
ta.ps1 (powershell.exe)	28	com_init	193694.2
ta.ps1 (powershell.exe)	28	enumerator	195891.9
ta.ps1 (powershell.exe)	28	work_done	242641.7
ta.ps1 (powershell.exe)	28	exit	247809.6
ta.ps1 (powershell.exe)	29	entry	134401.1
ta.ps1 (powershell.exe)	29	com_init	194902.9
ta.ps1 (powershell.exe)	29	enumerator	197087.9
ta.ps1 (powershell.exe)	29	work_done	241651.2
ta.ps1 (powershell.exe)	29	exit	246840.4
ta.ps1 (pwsh)	0	entry	202485.5
ta.ps1 (pwsh)	0	com_init	330299.3
ta.ps1 (pwsh)	0	enumerator	333653.2
ta.ps1 (pwsh)	0	work_done	382803.4
ta.ps1 (pwsh)	0	exit	388374.6
ta.ps1 (pwsh)	1	entry	198948.9
ta.ps1 (pwsh)	1	com_init	321714.7
ta.ps1 (pwsh)	1	enumerator	324403.2
ta.ps1 (pwsh)	1	work_done	365332.3
ta.ps1 (pwsh)	1	exit	370687.6
ta.ps1 (pwsh)	2	entry	193402.0
ta.ps1 (pwsh)	2	com_init	316108.8
ta.ps1 (pwsh)	2	enumerator	318887.4
ta.ps1 (pwsh)	2	work_done	361404.5
ta.ps1 (pwsh)	2	exit	366132.8
ta.ps1 (pwsh)	3	entry	196044.5
ta.ps1 (pwsh)	3	com_init	321146.7
ta.ps1 (pwsh)	3	enumerator	324019.0
ta.ps1 (pwsh)	3	work_done	368106.0
ta.ps1 (pwsh)	3	exit	373083.7
ta.ps1 (pwsh)	4	entry	198885.5
ta.ps1 (pwsh)	4	com_init	322291.2
ta.ps1 (pwsh)	4	enumerator	324800.1
ta.ps1 (pwsh)	4	work_done	367444.3
ta.ps1 (pwsh)	4	exit	372168.7
ta.ps1 (pwsh)	5	entry	190604.5
ta.ps1 (pwsh)	5	com_init	313225.7
ta.ps1 (pwsh)	5	enumerator	316038.6
ta.ps1 (pwsh)	5	work_done	355444.3
ta.ps1 (pwsh)	5	exit	360628.0
ta.ps1 (pwsh)	6	entry	191744.5
ta.ps1 (pwsh)	6	com_init	316101.5
ta.ps1 (pwsh)	6	enumerator	318733.2
ta.ps1 (pwsh)	6	work_done	358435.9
ta.ps1 (pwsh)	6	exit	363712.1
ta.ps1 (pwsh)	7	entry	193006.0
ta.ps1 (pwsh)	7	com_init	313514.0
ta.ps1 (pwsh)	7	enumerator	316066.7
ta.ps1 (pwsh)	7	work_done	356586.7
ta.ps1 (pwsh)	7	exit	361479.4
ta.ps1 (pwsh)	8	entry	191638.4
ta.ps1 (pwsh)	8	com_init	313975.8
ta.ps1 (pwsh)	8	enumerator	316531.3
ta.ps1 (pwsh)	8	work_done	359703.8
ta.ps1 (pwsh)	8	exit	364657.6
ta.ps1 (pwsh)	9	entry	195563.2
ta.ps1 (pwsh)	9	com_init	318776.9
ta.ps1 (pwsh)	9	enumerator	321328.9
ta.ps1 (pwsh)	9	work_done	361935.0
ta.ps1 (pwsh)	9	exit	366708.4
ta.ps1 (pwsh)	10	entry	191070.3
ta.ps1 (pwsh)	10	com_init	313780.6
ta.ps1 (pwsh)	10	enumerator	316345.2
ta.ps1 (pwsh)	10	work_done	360043.4
ta.ps1 (pwsh)	10	exit	365125.9
ta.ps1 (pwsh)	11	entry	204098.0
ta.ps1 (pwsh)	11	com_init	332723.5
ta.ps1 (pwsh)	11	enumerator	335528.5
ta.ps1 (pwsh)	11	work_done	383901.5
ta.ps1 (pwsh)	11	exit	389090.7
ta.ps1 (pwsh)	12	entry	198298.7
ta.ps1 (pwsh)	12	com_init	319987.3
ta.ps1 (pwsh)	12	enumerator	322634.3
ta.ps1 (pwsh)	12	work_done	362002.9
ta.ps1 (pwsh)	12	exit	366705.4
ta.ps1 (pwsh)	13	entry	190338.7
ta.ps1 (pwsh)	13	com_init	319910.7
ta.ps1 (pwsh)	13	enumerator	322673.9
ta.ps1 (pwsh)	13	work_done	364710.8
ta.ps1 (pwsh)	13	exit	369994.9
ta.ps1 (pwsh)	14	entry	190209.1
ta.ps1 (pwsh)	14	com_init	312947.0
ta.ps1 (pwsh)	14	enumerator	315734.7
ta.ps1 (pwsh)	14	work_done	357622.9
ta.ps1 (pwsh)	14	exit	362389.5
ta.ps1 (pwsh)	15	entry	192604.8
ta.ps1 (pwsh)	15	com_init	314601.9
ta.ps1 (pwsh)	15	enumerator	317093.6
ta.ps1 (pwsh)	15	work_done	358183.0
ta.ps1 (pwsh)	15	exit	363512.8
ta.ps1 (pwsh)	16	entry	190031.3
ta.ps1 (pwsh)	16	com_init	315641.3
ta.ps1 (pwsh)	16	enumerator	318536.5
ta.ps1 (pwsh)	16	work_done	363814.9
ta.ps1 (pwsh)	16	exit	368767.9
ta.ps1 (pwsh)	17	entry	200685.5
ta.ps1 (pwsh)	17	com_init	329058.7
ta.ps1 (pwsh)	17	enumerator	331818.3
ta.ps1 (pwsh)	17	work_done	378312.5
ta.ps1 (pwsh)	17	exit	383515.2
ta.ps1 (pwsh)	18	entry	194393.4
ta.ps1 (pwsh)	18	com_init	318769.0
ta.ps1 (pwsh)	18	enumerator	321828.4
ta.ps1 (pwsh)	18	work_done	362050.0
ta.ps1 (pwsh)	18	exit	367011.3
ta.ps1 (pwsh)	19	entry	190632.7
ta.ps1 (pwsh)	19	com_init	316740.6
ta.ps1 (pwsh)	19	enumerator	319546.2
ta.ps1 (pwsh)	19	work_done	363406.5
ta.ps1 (pwsh)	19	exit	368484.3
ta.ps1 (pwsh)	20	entry	222909.0
ta.ps1 (pwsh)	20	com_init	346400.5
ta.ps1 (pwsh)	20	enumerator	348996.7
ta.ps1 (pwsh)	20	work_done	390496.6
ta.ps1 (pwsh)	20	exit	395248.3
ta.ps1 (pwsh)	21	entry	209902.7
ta.ps1 (pwsh)	21	com_init	335142.5
ta.ps1 (pwsh)	21	enumerator	337984.2
ta.ps1 (pwsh)	21	work_done	381089.2
ta.ps1 (pwsh)	21	exit	386408.1
ta.ps1 (pwsh)	22	entry	201612.0
ta.ps1 (pwsh)	22	com_init	328334.7
ta.ps1 (pwsh)	22	enumerator	330954.8
ta.ps1 (pwsh)	22	work_done	375091.2
ta.ps1 (pwsh)	22	exit	380107.4
ta.ps1 (pwsh)	23	entry	198298.7
ta.ps1 (pwsh)	23	com_init	320771.4
ta.ps1 (pwsh)	23	enumerator	323278.1
ta.ps1 (pwsh)	23	work_done	365362.6
ta.ps1 (pwsh)	23	exit	370188.1
ta.ps1 (pwsh)	24	entry	195725.6
ta.ps1 (pwsh)	24	com_init	317776.8
ta.ps1 (pwsh)	24	enumerator	320299.9
ta.ps1 (pwsh)	24	work_done	364287.3
ta.ps1 (pwsh)	24	exit	369421.5
ta.ps1 (pwsh)	25	entry	189172.5
ta.ps1 (pwsh)	25	com_init	311717.2
ta.ps1 (pwsh)	25	enumerator	314246.8
ta.ps1 (pwsh)	25	work_done	354887.0
ta.ps1 (pwsh)	25	exit	359757.9
ta.ps1 (pwsh)	26	entry	215972.9
ta.ps1 (pwsh)	26	com_init	339843.9
ta.ps1 (pwsh)	26	enumerator	342568.2
ta.ps1 (pwsh)	26	work_done	382377.4
ta.ps1 (pwsh)	26	exit	387205.9
ta.ps1 (pwsh)	27	entry	196460.2
ta.ps1 (pwsh)	27	com_init	321211.4
ta.ps1 (pwsh)	27	enumerator	324244.4
ta.ps1 (pwsh)	27	work_done	369564.2
ta.ps1 (pwsh)	27	exit	374586.6
ta.ps1 (pwsh)	28	entry	190396.1
ta.ps1 (pwsh)	28	com_init	313574.7
ta.ps1 (pwsh)	28	enumerator	315979.2
ta.ps1 (pwsh)	28	work_done	358270.0
ta.ps1 (pwsh)	28	exit	363328.4
ta.ps1 (pwsh)	29	entry	194414.5
ta.ps1 (pwsh)	29	com_init	318163.3
ta.ps1 (pwsh)	29	enumerator	321117.3
ta.ps1 (pwsh)	29	work_done	365312.8
ta.ps1 (pwsh)	29	exit	370223.3
ta-ps	0	entry	163343.9
ta-ps	0	com_init	210404.1
ta-ps	0	enumerator	212698.7
ta-ps	0	work_done	257156.3
ta-ps	0	exit	262531.5
ta-ps	1	entry	158590.1
ta-ps	1	com_init	205239.4
ta-ps	1	enumerator	207588.9
ta-ps	1	work_done	250808.0
ta-ps	1	exit	256249.4
ta-ps	2	entry	157501.1
ta-ps	2	com_init	206510.7
ta-ps	2	enumerator	208900.3
ta-ps	2	work_done	258715.8
ta-ps	2	exit	264266.8
ta-ps	3	entry	167394.5
ta-ps	3	com_init	214639.3
ta-ps	3	enumerator	216993.9
ta-ps	3	work_done	262328.5
ta-ps	3	exit	267811.5
ta-ps	4	entry	160578.8
ta-ps	4	com_init	206673.0
ta-ps	4	enumerator	208975.4
ta-ps	4	work_done	255257.9
ta-ps	4	exit	260676.8
ta-ps	5	entry	162193.9
ta-ps	5	com_init	211055.4
ta-ps	5	enumerator	213230.4
ta-ps	5	work_done	259203.5
ta-ps	5	exit	264652.3
ta-ps	6	entry	161248.1
ta-ps	6	com_init	208580.0
ta-ps	6	enumerator	210971.8
ta-ps	6	work_done	258346.2
ta-ps	6	exit	263867.2
ta-ps	7	entry	159322.1
ta-ps	7	com_init	205450.7
ta-ps	7	enumerator	207678.6
ta-ps	7	work_done	251770.1
ta-ps	7	exit	257168.4
ta-ps	8	entry	154404.9
ta-ps	8	com_init	199573.9
ta-ps	8	enumerator	201849.2
ta-ps	8	work_done	246143.0
ta-ps	8	exit	251596.9
ta-ps	9	entry	156539.0
ta-ps	9	com_init	201847.2
ta-ps	9	enumerator	204173.2
ta-ps	9	work_done	248891.0
ta-ps	9	exit	254321.9
ta-ps	10	entry	161206.4
ta-ps	10	com_init	207351.6
ta-ps	10	enumerator	209645.5
ta-ps	10	work_done	255651.9
ta-ps	10	exit	260872.6
ta-ps	11	entry	157233.5
ta-ps	11	com_init	203505.4
ta-ps	11	enumerator	206091.3
ta-ps	11	work_done	253781.3
ta-ps	11	exit	259372.7
ta-ps	12	entry	164145.1
ta-ps	12	com_init	211860.2
ta-ps	12	enumerator	214323.3
ta-ps	12	work_done	260466.2
ta-ps	12	exit	266213.9
ta-ps	13	entry	166821.9
ta-ps	13	com_init	214261.1
ta-ps	13	enumerator	216626.8
ta-ps	13	work_done	261472.8
ta-ps	13	exit	266984.7
ta-ps	14	entry	157238.2
ta-ps	14	com_init	205308.5
ta-ps	14	enumerator	207701.3
ta-ps	14	work_done	251198.6
ta-ps	14	exit	256660.2
ta-ps	15	entry	155773.5
ta-ps	15	com_init	203214.7
ta-ps	15	enumerator	205666.0
ta-ps	15	work_done	251182.8
ta-ps	15	exit	256658.1
ta-ps	16	entry	159665.9
ta-ps	16	com_init	209829.9
ta-ps	16	enumerator	212602.9
ta-ps	16	work_done	263245.1
ta-ps	16	exit	268650.4
ta-ps	17	entry	164051.8
ta-ps	17	com_init	210953.7
ta-ps	17	enumerator	213492.1
ta-ps	17	work_done	258940.8
ta-ps	17	exit	264815.9
ta-ps	18	entry	161669.8
ta-ps	18	com_init	210328.3
ta-ps	18	enumerator	212784.9
ta-ps	18	work_done	260958.1
ta-ps	18	exit	266864.8
ta-ps	19	entry	158387.2
ta-ps	19	com_init	205428.5
ta-ps	19	enumerator	207864.0
ta-ps	19	work_done	251682.9
ta-ps	19	exit	257283.0
ta-ps	20	entry	158047.2
ta-ps	20	com_init	203612.6
ta-ps	20	enumerator	206056.5
ta-ps	20	work_done	248501.5
ta-ps	20	exit	253817.2
ta-ps	21	entry	160615.1
ta-ps	21	com_init	208648.0
ta-ps	21	enumerator	211159.0
ta-ps	21	work_done	257270.4
ta-ps	21	exit	262725.5
ta-ps	22	entry	158399.3
ta-ps	22	com_init	204449.0
ta-ps	22	enumerator	206865.6
ta-ps	22	work_done	250710.2
ta-ps	22	exit	256215.9
ta-ps	23	entry	159661.1
ta-ps	23	com_init	207468.1
ta-ps	23	enumerator	210074.7
ta-ps	23	work_done	253862.6
ta-ps	23	exit	259760.1
ta-ps	24	entry	162629.8
ta-ps	24	com_init	208844.5
ta-ps	24	enumerator	211469.0
ta-ps	24	work_done	254239.5
ta-ps	24	exit	259895.2
ta-ps	25	entry	156169.4
ta-ps	25	com_init	202250.7
ta-ps	25	enumerator	204776.8
ta-ps	25	work_done	247889.9
ta-ps	25	exit	253403.1
ta-ps	26	entry	158665.8
ta-ps	26	com_init	206741.8
ta-ps	26	enumerator	209217.8
ta-ps	26	work_done	253751.2
ta-ps	26	exit	259324.4
ta-ps	27	entry	156873.8
ta-ps	27	com_init	205184.6
ta-ps	27	enumerator	207509.3
ta-ps	27	work_done	253169.6
ta-ps	27	exit	258586.2
ta-ps	28	entry	158815.9
ta-ps	28	com_init	204755.3
ta-ps	28	enumerator	206994.0
ta-ps	28	work_done	252593.9
ta-ps	28	exit	257844.6
ta-ps	29	entry	156973.5
ta-ps	29	com_init	203619.1
ta-ps	29	enumerator	206230.0
ta-ps	29	work_done	256875.3
ta-ps	29	exit	262386.0
